Username,#Post,#Followers,Last_Photo,Phone_1,Phone_2,Phone_3,Biography,Link
ale.queenaccesorios,"1,135","8,178",28-Jun-18,,,,Tienda Online            Envío Nacionales  Domicilios en Medellín    Medellín  Colombia,m.facebook.com/ale.queenaccesorios/?ref=bookmarks
cerezaaccesoriosbyad,"1,354","7,288",28-Jun-18,,,,Jewelry Tienda Online   58 412 8989373 Envíos a Nivel Nacional e Internacional  Visítanos en a classnotranslate hrefangelalopezorfebreangelalopezorfebrea,No link
fortunattaccesorios,95,"80,116",30-May-18,,,3147263169,By a classnotranslate hrefmg059mg059a  MedellinHandmadeBrand  Ventas al por mayor aumenta tus ingresos  Click y compra,api.whatsapp.com/send?phone=573147263169
blossom.accessories8006,217,"7,766",30-Jun-17,3003286188,,,Lindos accesorios de fantasía fina a los mejores precios importados desde New York  Wpp 3003286188 Envíos a todo el país Medellín  Colombia,No link
zafirostoree,74,223,26-Jun-18,,,,Tienda virtual  Un universo único y novedoso Por  a classnotranslate hrefsarahproblessarahproblesa,No link
katrinashopmedellin,66,"28,654",15-Jun-18,3008544129,,,Para las fanaticas de los aretes exóticos y con mucho estilo  Domicilios en Medellin  Envíos al resto del país  Inf whatsapp 3008544129 ,api.whatsapp.com/send?phone=573008544129
landy_accesorios,225,"1,610",28-Jun-18,3148691389,,,Ventas Al Por Mayor Y Detal Envíos  nacionales  Oro goldfied Tienda virtual  Wsp 3148691389 ItaguiAnt  seguro,api.whatsapp.com/api/send?phone=573148691389
brazzcolombia,219,"3,473",28-Jun-18,,,,Accesorios Gold Filled Ventas al por mayor y al detal en tiendas mayoristas Contáctanos  ,www.roeljoyas.com
kuberaaccesorios,"1,302","2,516",28-Jun-18,3030060882,,3006088259, Somos fabricantes  Ventas al por mayor y al detal   P De Venta 2pm 730 pm  3006088259 Escríbenos  Envíos a todo el país  Búscanos en,api.whatsapp.com/send?phone=573006088259
kausscolombia,216,"2,583",28-Jun-18,,,,Acero Inoxidable Ventas al por mayor Ventas Al detal en tiendas  Contactanos ,www.roeljoyas.com
fiorentina_tienda_ropa,"1,846","6,757",28-Jun-18,3106800760,3012187309,,Somos una marca de ropa nacional y Europea y accesorios Ventas al x mayor y al detal  envíos a todo el país   seguro   31068007603012187309,api.whatsapp.com/send?phone=3106800760
piedra_sol,278,"1,417",28-Jun-18,3147618813,3217068449,,Los mejores accesorios elaborados a mano   Integra cada parte de ti cree y haz que suceda  Envíos a todo el país  3147618813  3217068449,www.facebook.com/PiedraSol.07
relojesvyper_barranquilla,144,"8,708",28-Jun-18,,,3142268898, Cuál es tu Estilo Marca la Diferencia  Compra 100 Segura   Envíos a cualquier lugar   Distribuye nuestra marca   Whatsapp  ,api.whatsapp.com/send?phone=573142268898
pasion_accesorios,95,583,28-Jun-18,3148691389,,,Tienda Virtual Medellín  Envíos Nacionales Ventas Al Por Mayor Y Detal  WhatsApp  3148691389 a class hrefexploretagspasionaccesoriospasionaccesoriosa,No link
ayatta.accesorios,36,62,28-Jun-18,,,,RELOJESGAFASBISUTERÍAARTÍCULOS DE MODA   Tienda virtual Medellín Envíos a todo el país   Compra  segura  Pedidos Whatsapp 311,No link
disenio_lunada,"2,737","6,122",28-Jun-18,,,,Delicate Handmade Accessories  Follow a classnotranslate hreflunadalimitedlunadalimiteda  Worldwide shipping  Venezuela 584127123487  diseniolunadagmailcom,www.facebook.com/Disenio.Lunada
simplementedivino,"1,543","7,634",28-Jun-18,3146787598,,,En cada una de nuestras piezas tenemos una historia para contarte  ShowrroomVia Primavera 57 3146787598,No link
sunmarketoficial,148,507,28-Jun-18,3007804020,,,Lugares Soñados Amantes del Verano Publicidad para Prendas y   Accesorios de Mujer MedellinColombia Contacto  3007804020,No link
import_sc,169,943,28-Jun-18,,,3113623917,Tienda virtual  Variedad en productos   Envíos a todo el país Pago contra entrega No se aceptan LLAMADAS  Whatsapp directo a class hrefexploretagsimportscimportsca,api.whatsapp.com/send?l=es&amp;phone=573113623917
accesoriosfemm,97,421,28-Jun-18,3006030304,,,Hecho a mano compra colombiano 300 603 0304 Envíos nacionales a class hrefexploretagsmedellínMedellína  pedidos WhatsApp Encuentra todos los precios en nuestro Facebook ,www.facebook.com/femm.accesorios
waraaccesorios,287,"1,415",28-Jun-18,3003069506,,,Marca creada pensando en la innovación para la mujer Envíos  a toda Colombia WhatsApp57 3003069506 contáctanos enlace al WhatsAppa class hrefexploretagswaraaccesorioswaraaccesoriosa,api.whatsapp.com/send?phone=573003069506
creaciones_tai,184,"4,816",28-Jun-18,3113192886,,,Línea de accesorios en piedras naturales Conexión con la belleza y sabiduría de los cristales  wapp 3113192886 a classnotranslate hreftainaperezariastainaperezariasa MedellinColombia,No link
mistica_estilo,"1,678","1,213",28-Jun-18,3193889464,,,Tienda Virtual 3193889464  a class hrefexploretagsaccesoriosAccesoriosa personalizados por mayor y detal Servicio a class hrefexploretagsestampaciónestampacióna y a class hrefexploretagsmodisteríamodisteríaa  No es lo que usas es tu esencia,m.facebook.com/misticaklere11
trevestuario,335,"2,680",28-Jun-18,3182152809,,,Tienda Virtual  Accesorios y prendas  Hecho con amor Apoya lo local  Envíos a todo el país  573182152809 a class hrefexploretagstrévestuariotrévestuarioa a class hrefexploretagsyosoytrévestuarioyosoytrévestuarioa,No link
julianacarcamoaccesorios,10,"1,962",28-Jun-18,,,3017769351, Amor por lo que haces Bisuteria  MedellínColombia PRÓXIMAMENTE,api.whatsapp.com/send?phone=573017769351&amp;text=Hola+como+vas
anelytienda,"1,366",704,28-Jun-18,3132784767,3103879382,,TejidosAccesorios RelojTennis a class hrefexploretagsanelytiendaanelytiendaa   Envíos a toda Colombia   Domicilio Gratis en Medellín Info y Pedidos  3132784767  3103879382,anelytienda.mercadoshops.com.co
accesoriosonlinemedellin,268,"31,282",28-Jun-18,3113734900,,,Domicilios Medellin y envíos nacionales  tienda  online what 3113734900 Facebook  Accesorios online Medellín Ventas por unidad y al por ma,No link
petulante_store,9,135,28-Jun-18,3104576318,,,Tienda virtual Excelente calidad Mercancía 100 GARANTIZADA Pago contra entrega  Domicilio gratis área metropolitana WhatsApp3104576318,No link
accesorios.mia.20,770,"1,662",27-Jun-18,3053208007,,,Balacas corbatines accesorios     Personaliza como quieras   WhatsApp 3053208007 Envíos Nacionales  a classnotranslate hrefmiabeautyshopmiabeautyshopa  a classnotranslate hreflaboutiquedemia20laboutiquedemia20a,api.whatsapp.com/send?phone=573053208007
mariaepalacioacces,134,131,27-Jun-18,,,3205502585,Bienvenidos Hecho a mano Hecho con amor Facebook Maria E Palacio Envios a toda Colombia MedellinCartagena Escribenos al Whatsaap,api.whatsapp.com/send?phone=573205502585
deseomagico12,229,936,28-Jun-18,,,3053939195,Descubre la magia que tenemos para ti Accesorios Maquillaje Jabones naturales Domicilios y Envios  Escribenos al Whatsapp a class hrefexploretagsunmundodemagiaunmundodemagiaa,api.whatsapp.com/send?phone=573053939195
perlatto_accesorios,"1,403","3,589",27-Jun-18,,,3003673425,Tienda VirtualTodo para  MedellinColombia  Envíos a todo el país  Domicilios en Medellin  WhatsApp no llamadas Haz click,api.whatsapp.com/send?phone=573003673425
indigo.store_,44,554,28-Jun-18,3117396028,,, Tienda virtual         Ropa        Accesorios  Whatsapp 3117396028  Direct  Entregas en Medellín  Envíos a otras ciudades,No link
bm_accesorios15,296,786,28-Jun-18,3006053705,,, Accesorios hechos a mano en Colombia  Fabricamos para tu marca  Tienda online  Envíos a todo el pais  WhatsApp 3006053705,api.whatsapp.com/send?phone=3006053705
diamondboutiquemedellin,72,92,27-Jun-18,3108207413,,,Todas las marcas Medellin colombia Domicilios en Medellin  Whatsapp 3108207413 ,No link
tornasoljoyas,31,381,27-Jun-18,3113592345,3122545795,,a class hrefexploretagsjoyasJoyasa inspiradas en la maravillosa diversidad de a class hrefexploretagsavesavesa de Colombia   3113592345  Wp 3122545795 Envíos a toda Colombia,No link
mariac_jewelry,31,426,27-Jun-18,3153971168,,,Handmade Fashion Jewelry WhatsApp 315 3971168  Bogotá  Envíos a todo el país,No link
relojesvyper_bogota,124,"9,882",28-Jun-18,,,3142268898, Cuál es tu Estilo Marca la Diferencia  Compra 100 Segura   Envíos a cualquier lugar   Distribuye nuestra marca   Whatsapp  ,api.whatsapp.com/send?phone=573142268898
modaespinela,40,684,27-Jun-18,3008927376,,,TIENDA DE BOLSOS Y ACCESORIOS  VENTAS AL POR MAYOR Y AL DETAL CC JAPON EL HUECO MEDELLÍN LOCAL 120 envios a todo el país  3008927376,No link
dekoloving,79,"1,933",27-Jun-18,3006134326,,,Joyeria y bisuteria artesanal de la mejor calidad       Cumpliendo sueños Ventas al por mayor Envíos a nivel nacional  Pedidos 3006134326,No link
flordemelocotonmed,234,769,27-Jun-18,3053336522,,,Hechos en Medellín productos que enamoran  Escríbenos al whatsApp  305 333 65 22  Siguenos también en  a class hrefexploretagsflordemelocotonmedflordemelocotonmeda,facebook.com/flordemelocotonmed
gemmariusaccesorios,81,"1,054",27-Jun-18,,,,a class hrefexploretagscompracolombianoCompraColombianoa  Tenemos envíos a toda Colombia  Domicilios en la ciudad de Medellín Ventas al por mayor y al detal,No link
antojate.accesorios,72,"1,471",28-Jun-18,,,3132862131,Accesorios hermosos a precios a justos compra segura Visitame también en a classnotranslate hrefantojitosparatodosboutiqueantojitosparatodosboutiquea a classnotranslate hrefbellamorpropiobellamorpropioa whap directo,api.whatsapp.com/send?phone=573132862131
antojitosparatodosboutique,233,"3,010",28-Jun-18,,,3132862131,Te ofrecemos productos de alta calidad y al alcance de tods Precios justos  ventas al detal envios COLOMBIA whapsap visitame a classnotranslate hrefbellamorpropiobellamorpropioa,api.whatsapp.com/send?phone=573132862131
estefaniaccesorios,"2,098","1,406",29-Jun-18,,,,Reputación a class hrefexploretagsclientestefaniafelizclientestefaniafeliza  Diseñadora de joya Tienda virtual Ventas al detal contacto al 04241825944 envíos Nacionales Por TEALCA DOMESA,No link
tenismedellin100,37,447,17-Nov-17,3216158342,,,Tenis 100 importados Compra segura Los mejores precios Al por mayor y detal  Envíos a todo el país  Wapp3216158342 contra entrega en medellin,No link
tulipanojoyeria,23,202,28-Jun-18,3008701057,,,Collares que inspiran a llevar un pedacito de la naturaleza siempre contigo Maria Monica Ruiz a classnotranslate hrefbiomarbiomara  57 3008701057  Medellín Colom,No link
jyaropayaccesorios,18,17,26-Jun-18,,,,Ventas al detal  x mayor,No link
_skulldesign,424,"1,230",27-Jun-18,3103764920,3146485880,337723493,Accesorios Envios en Medellín y a nivel nacional  Contáctanos al wpp 3103764920 3146485880 Ventas al por mayor y al detal 2017,www.facebook.com/Skull-Design-791255337723493
utopiastore2018,37,47,26-Jun-18,,,,Ropa  y accesorios  Domicilios y envíos  a classnotranslate hrefutopiastore2018utopiastore2018a SK a classnotranslate hrefkarenciro17karenciro17a a classnotranslate hrefsvalencia95svalencia95a,No link
kaycee.boutique,137,207,25-Jun-18,3006466640,3012817774,,Tienda virtual de ropa y accesorios INFO 3006466640  3012817774 ventas en medellín ,No link
ventas_pocholica,418,713,28-Jun-18,3206981922,,,Medellin Colombia Información 320 698 19 22  Envios a todo Colombia,api.whatsapp.com/send?phone=573206981922
velvet_tiendavirtual,102,419,25-Jun-18,3196507749,,,By a classnotranslate hrefleialarconleialarcona  a class hrefexploretagsvelvetvelveta  319 6507749 MedellínColombia  TIENDA VIRTUALEnvíos a todo Colombia,No link
epiphanyaccesorios,37,103,26-Jun-18,3014700059,,,Diseñamos con todo el amor accesorios femeninos Exclusividad con lotes pequeños de cada diseño Visita nuestra tienda  wp 3014700059,goo.gl/Ceu8Qk
joyeriamelissamedellin,84,525,26-Jun-18,,,,a class hrefexploretagstiendaonlinetiendaonlinea desde Medellín con hermosa joyeria elaborada en acero 100 garantizada servicio de domicilio Excelente calidad al mejor precio,joyeriamelissa.com
rey_artesaniasyvariedades,590,"2,531",25-Jun-18,,,3013521018,Importadoresmayoristas COL Bisutería Artesanías y Souvenirs 6749296 Envíos Nacionales Cuenta vinculada a classnotranslate hrefreyartesaniasreyartesaniasa dale click y contáctanos ,api.whatsapp.com/send?phone=573013521018
nativa_store_,16,127,25-Jun-18,,,,Tienda virtual de accesorios  Domicilios       área de Medellín  Pedidos por inbox   Encuentra en nuestros accesorios un obsequio ,No link
claudiagarciaaccesorios,279,"3,572",26-Jun-18,3217479955,,,Accesorios personalizados Para Hombres y Mujeres a class hrefexploretagsclaudiagarciaaccesoriosclaudiagarciaaccesoriosa a class hrefexploretagsmanillasconpropositomanillasconpropositoa  a class hrefexploretagsaccesoriosconpropositoaccesoriosconpropositoa 3217479955,api.whatsapp.com/send?phone=573217479955
trascendenza_,834,"47,105",28-Jun-18,3137935255,,,Más que un amuleto somos inspiración para TRASCENDER Created by a classnotranslate hrefjulianagutierrezgiraldojulianagutierrezgiraldoa  Pedidos Whatsapp  313 793 5255 MedCol,www.trascendenza.co
hippiechic_2018,222,294,24-Jun-18,3166270867,,,Accesorios para ti  Tienda virtual 3166270867 Pago contra entrega o por transferencia App Bancolombia Envíos seguros por todo el país,No link
paraisovioleta_envigado,72,63,28-Jun-18,3639343052,,,Accesorios para tu imagen El complemento para tus outfits Plan separe Calle 36 sur  3934 Barrio mesa Envigado 3052331546,No link
coco_accesorios03,406,"1,767",25-Jun-18,3104390383,,,Accesorios femeninos ventas por mayor y al detal inicia tu propio negocio   Excelentes utilidades  Info  3104390383,No link
accesorios_galia,599,"3,651",27-Jun-18,3212077774,,,Cúcuta NDS  Empresa colombiana haciendo diseños únicos para ti con amor  Usamos piedras semipreciosas acero y plata  Whatsapp 3212077774,No link
mithraccesorios,202,"1,310",28-Jun-18,,,,DEJA QUE TU ENERGÍA FLUYA La felicidad no está en la perfección  sino en el balance   Poder  Belleza  Armonía  BY a classnotranslate hrefEstefaniaVelasquezCEstefaniaVelasquezCa,No link
lunadalimited,11,42,24-Jun-18,,,,Delicate Handmade Jewelry Limited Edition Also Follow a classnotranslate hrefdiseniolunadadiseniolunadaa  World Wide Shipping   diseniolunadagmailcom  58412712348,No link
mainstore1,41,81,23-Jun-18,3147096608,3008921924,,Accesorios relojes ropa artículos deportivos y más Envíos a todo el país  Domicilio Medellin Wpp 31470966083008921924,No link
turmeleroaccesorios,"1,088",972,28-Jun-18,3187304396,,,WhatsApp 318 730 43 96 Medellín  Colombia Entregas en la estación Floresta o en la Universidad de Medellín Envíos a todo el país,api.whatsapp.com/send?phone=573187304396
valeriadesignsaccesorios,527,"1,483",28-Jun-18,,,3207199134,Accesorios para toda ocasión Collares  Pulseras  Aretes Productos  Colombianos Envíos Nacionales COMPRA SEGURA wwwvaleriadesignscomco,api.whatsapp.com/send?phone=573207199134
mada_productos,22,"14,168",23-Jun-18,,,,C O L O M B I A   M E D E L L I N   Productos del mundo  V e n t a s  Experience  Envíos a todo el pais  a class hrefexploretagsventasaquiVenTasAquia ,No link
fridamultimarca,21,168,28-Jun-18,,,,No biography,No link
mangobicheboutique1,"3,995","129,967",28-Jun-18,3710543520,,3108204099,Tienda de ropa femenina   Crr 37 1054Medellin  No se vende por mayor 3520326 5731082040993023361163 Art en promo no tienen cambio ,api.whatsapp.com/send?phone=573108204099
valquiria.accesorios2,55,225,28-Jun-18,3008476236,,,ACCESORIOS PARA MUJER Pedidos mínimo con 1 día de anticipación Whats 3008476236 Envíos nacionales Medellín,No link
dreambigaccesorios_,102,486,23-Jun-18,3137055686,,,ACCESORIOS HECHO A MANO Domi en MedellínEnvios NACIONALES  Pago contraentrega VENTAS AL POR MAYOR Y DETAL  Info al direct  o  3137055686,No link
ecozun.vargas,50,325,26-Jun-18,3224135833,,,Somos fabricantes al por mayor y al detal Innova e inicia tu negocio whatsapp  322 4135833  variedades en tamaño y color BOGOTA  COLOMBIA,No link
accesorioskaliope,66,193,27-Jun-18,3202678249,,,Tu Futuro Depende De Lo Que Hagas Hoy  Envíos Nacionales  Ventas al por mayor y al detal  Solo Whatsapp no Llamadas  3202678249,No link
angellyaccesorios,359,475,28-Jun-18,,,,Accesorios llaveros Ropa Interior Envios a todo Colombia Yuly Angelly Quintero Pedidos por direct,No link
avroseaccesorios,118,"11,670",22-Jun-18,3043550083,,,crearamarcrecer Amamos lo que hacemos a class hrefexploretagsavloverAVLovera  Direct   57 3043550083  Envíos a todo Colombia  Recibimos BITCOIN  Pedidos ,bit.ly/2FlM6pj
fannerag,23,"1,837",21-Jun-18,,,,SI TIENES UN RELOJ ESTO ES PARA TI Mantenimiento  reparación  y RESTAURACION  CC SANTA FE local 4170 KEVINS JOYEROS CC EL TESORO local 30,No link
guacastv,334,"13,216",28-Jun-18,3167528430,,, a classnotranslate hrefguacastvguacastva  Precios en cada foto  a class hrefexploretagsenvíosnacionalesEnvíosNacionalesa a class hrefexploretagsdomiciliosDomiciliosa a class hrefexploretagscontraentregacontraentregaa en a class hrefexploretagsmedellínMedellína a class hrefexploretagswhatsappWhatsAppa 3167528430 Link directo de WP,api.whatsapp.com/send?l=es&amp;phone=573167528430
kalanchoetienda,"4,729","20,062",28-Jun-18,,,,Boutique Multimarca  ModaComplementosJoyeríaBelleza amp Deco a class hrefexploretagsitsallabouthemixitsallabouthemixa  Compra en línea y tiendas físicas a class hrefexploretagskalanchoestylekalanchoestylea a class hrefexploretagskalanchoetiendakalanchoetiendaa,www.kalanchoetienda.com
face2facebolsosycalzado,"1,020","24,852",28-Jun-18,3771127112,,3165274539,Compra Online wwwface2facecomco  CC FLORIDA 99377 CC GRAN PLAZA 1127 CC PUERTA NORTE 1128  CC MEGACENTRO 132 Envios Nacionales a todo Colombia,api.whatsapp.com/send?phone=573165274539&amp;text=ventas
face2facebolsos,"1,358","10,743",28-Jun-18,3771127132,,,wwwface2facecomco CC Florida 99377  CC Gran plaza 1127  CC Megacentro 132 Puerta norte 1128  Envios Nacionales a todo Colombia WhatsApp 3165274539,iglink.co/face2facebolsos
beautythings_store,426,"2,654",25-Jun-18,3117299978,,,LO QUE UNA MUJER SIEMPRE QUIERE WhatsApp 3117299978  MedellínCol,No link
dulcesuspiros1,124,150,21-Jun-18,3023241972,,, Tienda online    Bello  Medellin  Domicilios en Medellín  Info wpp  3023241972  Compras  seguras  Envíos a todo el país  ,api.whatsapp.com/send?phone=573023241972
essencia_disenos,21,193,19-Jun-18,3003620878,,,Accesorios para mujer  Estamos en Medellín  Envíos nacionales Contacto por Whatsapp 3003620878,No link
acc_eladan,52,396,19-Jun-18,,,,Accesorios  Entrega segura  Medellín  Colombia  Al por Mayor y Detal  Más info  Direct ,No link
escargot.store,124,"5,823",18-Jun-18,3022736221,,,Handmade with LOVE  Minimalist Jewlery WhatsApp 3022736221  Colombia  a class hrefexploretagsjewlerydesignjewlerydesigna a class hrefexploretagsaccesorioaccesorioa,www.renuevatucloset.com.co/le-escargot
trenditstore1,181,"1,832",28-Jun-18,3183117656,,,TIENDA VIRTUAL  Envios a toda  Domicilio Med Productos enviados desde  CONFIABLE  By a classnotranslate hrefeliesco1990eliesco1990a WH  3183117656 14077518938,api.whatsapp.com/send?phone=14077518938
rey_artesanias,21,64,23-Jun-18,,,3013521018,Artesanías souvenirs Col  Envíos a todo el país FabricantesImportadores directosMayoristas a classnotranslate hrefreyartesaniasyvariedadesreyartesaniasyvariedadesa Contacto,api.whatsapp.com/send?phone=573013521018
accesorios.okra.col,197,788,18-Jun-18,3531922740,,,IMPORTADORESFABRICANTES Cc Babilonia Local 135 San Andresito San José Bogotá  Oriente Antioqueño Envíos a todo el país 3192274009 3192678538,www.facebook.com/accesorios.okra.col
dacari_accesorios,77,754,28-Jun-18,3005537117,,,Tienda virtual      Accesorios hecho a mano Domicilios en Medellín y envíos a todo el país      Realizamos personalizados  57 3005537117 ,api.whatsapp.com/send?phone=573005537117
azuleek,154,"1,611",17-Jun-18,3007059819,,,Accesorios elaborados en bronce con baño de oro Brilla al estilo Azuleek Envíos a toda Colombia 3007059819 WhatsApp By a classnotranslate hrefmayramuskusmayramuskusa BARRANQUILLA,No link
multiventas_hdm,321,491,26-Jun-18,,,3053552881,Tienda virtual al mejor precio a class hrefexploretagsaccesoriosAccesoriosa a class hrefexploretagssonidoSonidoa a class hrefexploretagsropaRopaa a class hrefexploretagszapatosZapatosa a class hrefexploretagshobbiesHobbiesa Envíos a TODO EL Pais Celulares a crédito en Medellín a class hrefexploretagsventasonlinecolombiaventasonlinecolombiaa,api.whatsapp.com/send?phone=573053552881
valentinabonita.co,90,134,24-Jun-18,3137420215,,,Envíos Nacionales Accesorios para entrega inmediata y personalizados Pedidos lunes a viernes de 8am  5pm  3137420215 TIENDA VIRTUAL,No link
la_italiana_store,161,164,21-Jun-18,,,3012117999,Ventas Al Por Mayor Y Al Detal En Plata Ley 925 Fantasía Murano Golfield Acero  y Relojeria,api.whatsapp.com/send?phone=573012117999
asdecorazon1u11,1,91,15-Jun-18,,,, Pañoletas hechas con la milenaria técnica a class hrefexploretagsbatikbatika  Piezas únicas obras de arte,No link
siddhartha_musical,193,"4,317",28-Jun-18,3105951992,,,Bienvenidos amigos de la música                                          57 310 595 19 92     231 35 66,www.siddharthamusical.com
medventas,256,"4,396",14-Jun-18,3008764756,,,Ventas al por mayor y detal Envíos en Colombia COMPRA A UN CLICK 3008764756,api.whatsapp.com/send?phone=573008764756
cmartienda,53,316,28-Jun-18,3006211089,,,Cmar está ubicado en la ciudad de Medellin Whatsapp 3006211089,No link
viviaccesorios,980,"1,557",28-Jun-18,3164755618,3155854508,,CC Premium Plaza Medellin574 o 2284775 3164755618 o 3155854508 Venta al por mayor y detal Síguenos en FB  a classnotranslate hrefviviaccesoriosfaceviviaccesoriosfacea,No link
iserns,629,"8,296",29-Jun-18,3059140533,,,Marketplace que permite a emprendedores artesanos publicar sus tiendas en línea  isernsgmailcom  1   305 9140533  58 212 7307346,www.iserns.com
miunicornioazul0101,361,938,22-Jun-18,,,,Cosas lindas hechas con amorpedidos por interno se hacen entregas en la Udea o en una estación del metro de Medellín Se hacen envíos nacionales,No link
camisetasdominic,53,"1,081",28-Jun-18,3046600096,,,Camisetas y accesorios  Medellin  Antioquia Pedidos unicamente whatsapp  304 660 00 96 Envíos a todo el pais  Ventas al por mayor y al detal,No link
elgabinetecurioso,51,783,12-Jun-18,,,,x x x x    COLLARES  BOLSOS  GAFAS  ETC         Medellín           Envíos nacionales,No link
divinatentacion6,150,510,25-Jun-18,,,,Cositas hermosas para ti  Tienda virtual  Medellín  Envíos a todo el país Chatea con nosotros,No link
pirita_accesorios_,174,196,12-Jun-18,3044131343,,3034734084,Echos a mano por diseñadoras    piritaaccesorioslmgmailcom  Etiquétanos a class hrefexploretagspiritaaccesoriospiritaaccesoriosa   Envíos nacionales e inter  573044131343,m.facebook.com/Pirita-accesorios-142911223034734/?tsid=0.8455721693391742&amp;source=result
accesorioscaramela,424,"1,378",28-Jun-18,3217630728,,, Accesorios y más  WE ARE PET FRIENDLY Pedidos 3217630728,No link
cisneazultienda,126,981,28-Jun-18,3113782557,,,Bello  Colombia Envíos nacionales Oro golfi y acero Accesorios divinos Creadora a classnotranslate hrefelianabhenaoelianabhenaoa WhatsApp 57 3113782557 Escríbenos,api.whatsapp.com/send?phone=573113782557&amp;text=%3A%29
mokastars,185,95,11-Jun-18,3014830094,,,Un sitio pensado para ti  Maquillaje y Accesorios Excelentes productos y novedades  WhatsApp 57 3014830094 Envíos Nacionales,No link
agatha_co,248,"4,532",27-Jun-18,3133620755,,,Sara Ramirez Puerta  Envios a todo Colombia  3133620755,No link
nataliamartinezjewelry,261,"3,516",9-Jun-18,3104753854,,,Handmade Jewelry Envios nacionales  Contacto  57 310 475 3854  57 316 526 3923,No link
marketmundo,48,113,27-Jun-18,3052950350,,,MARKET MUNDO Contacto 3052950350 o al Direct  Productos de alta calidad  Envios a todo Colombia  a class hrefexploretagsventaderelojesventaderelojesa a class hrefexploretagsventadeaccesoriosventadeaccesoriosa a class hrefexploretagsregalosregalosa,No link
hamsalove.co,390,554,20-Jun-18,,,3147433647,MdeColombia WHATSAPP ,api.whatsapp.com/send?phone=573147433647
accesoriosymasmedellin,295,"3,164",28-Jun-18,3113734900,,,Domicilios medellín y envíos nacionales Servicio de pago contra entrega 100 online  3113734900 FB Accesorios online Medellín,No link
_supreme_store,46,"11,429",12-Jun-18,3012818950,,,Elegancia a tu alcance  Envíos a todo el país  Domicilios en Medellín Gratis  WhatsApp 301 281 8950,No link
ferneyni,71,"2,017",20-Jun-18,,,,Miembro a classnotranslate href4focusph4focuspha  Medellín  Colombia,edgarfninoc.wixsite.com/ferneyni
saritabolivarfotografia,170,"1,256",18-Jun-18,3008627244,,, Fotógrafa Saritabolivarfotogmailcom  300 862 72 44   MedellínColombia,api.whatsapp.com/send?l=es&amp;phone=573008627244
casarte_accesorios,443,"1,212",27-Jun-18,3163999731,,,Somos una tienda virtual dedicada a diseñar accesorios para el cabello 100 artesanales Materiales de alta calidad 3163999731Colombia,api.whatsapp.com/send?phone=573163999731
amartijoyeria,64,107,6-Jun-18,,,3127771097,Hermosas joyas italianas de plata ley 925,api.whatsapp.com/send?phone=573127771097
mortianastore,118,"2,275",26-Jun-18,3015656322,,,Tienda online  Curiosidades MedellínColombia Envios a todo el país Wpp 3015656322,No link
inavima_11,357,750,5-Jun-18,3052908300,3207435940,,BELIEVE IN YOURSELF Accesorios ropa y más  Medellín  3052908300   3207435940 Compras  seguras Envíos Nacionales  ,No link
accesorios_enmostacilla,29,37,4-Jun-18,3015621279,,,Venta de accesorios en mostacilla  hechos a mano Personalízalos Envíos  a toda Colombia Pedidos e informes 57 3015621279,No link
coral.importaciones,125,719,28-Jun-18,3012187309,,,By Andrea Salazar Carrera 52  4592 coralimportaciones20gmailcom 3012187309 Envios NalIntl Hecho a mano MedellínColombia Personalizamos,No link
sanyesaccesorios,52,42,20-Jun-18,,,,No biography,No link
otono_store,"1,415","4,198",28-Jun-18,3122895699,,,Tienda de Accesorios Creatividad y Exclusividad Escribenos Wps 3122895699 Domicilios en Medellin Envíos Nacionales Entrega Segura,api.whatsapp.com/send?phone=573122895699
onix_tienda,124,"1,305",1-Jun-18,3002041068,,,Accesorios y Moda  WhatsApp 3002041068 Medellín  Colombia   csagudelmgmailcom a class hrefexploretagsonixtiendaOnixTiendaa,instagram.com/onix_tienda
personnalitebk,"11,632","5,337",28-Jun-18,3186624431,,,Tienda Fisica llena de Personalidad  Originales  a Todo el Pais   318 662 4431  3007016023 Cll 49a class hrefexploretags1818a67 CC Crystalos Barrancabermeja,www.facebook.com/PersonnaliteRegalosOriginales
sandramartinez1306,164,232,31-May-18,,,3182899626,Tienda Virtual de Bolsos Zapatos y Accesorios de Dama hechos a mano Envíos a todo el país y sin costo en Medellín Escríbenos al Whatsapp,api.whatsapp.com/send?phone=573182899626
milujoyas,"2,229","11,491",28-Jun-18,3165301183,,,Carvalleta accesorios principal centro comercial hueco número uno local 102 WhatsApp info  57 3165301183   enlace directo  Pagos en bitcoin,api.whatsapp.com/send?phone=573165301183
valu_store01,190,502,28-Jun-18,3217651052,,,Somos una empresa confiable  comercializadora de perfumes  y variedades wpp 3217651052 Envigado Medellín  Envíos nacionales ,No link
illusiondesign488,151,"1,689",28-Jun-18,,,,Por la gracia de Dios soy lo que soy   MAS QUE UNA MARCA UN ESTILO  Venezuela Envíos nacionales  e internacionales  wsp 584261009532,No link
gice_correa,240,666,19-Jun-18,,,,Accesorios hechos con amor Venta al por mayor y al detal MedellinBogotá ,No link
gotadulce_accesorios,603,"2,278",28-Jun-18,3014415520,3105121741,,GOTA DULCE ACCESORIOS   gotadulceaccesoriosoutlookes 57 3014415520  3105121741  snapchat gotadulceacces  Cali  Colombia,No link
shopaddict.med,374,"1,007",29-May-18,,,3183817210,envios  nacionales  pagos efectivoapp Bancolombia DaviPlata CUENTA ALIADA a classnotranslate hrefalbedriodesignalbedriodesigna LINK DIRECTO WHATSAPP,api.whatsapp.com/send?phone=573183817210
a.manoycon.amor,25,24,29-May-18,,,,Accesorios HECHOS A MANO Y CON AMOR Diseñamos y creamos para ti elaboramos lo que tengas en mente Los mejores detalles para tus dias especiales,No link
anellijoyas,85,"1,577",27-Jun-18,,,, Elegancia   Diseño  Calidad WhatsApp 8112126679 Envíos a todo México,anelli.com.mx/categoria-producto/churumbelas
accesoriostruelove,156,279,28-May-18,3228804365,,,INF WhatsApp 322 880 4365 Medellín ENV Colombia   by a classnotranslate hrefmarilynpmejiamarilynpmejiaa,m.facebook.com/accesoriostruelove801
florrosaaccesorios,49,139,28-May-18,3154830376,,,TIENDA VIRTUAL MEDELLÍN ANT COMPRA  SEGURA FOTOS REALES  Pedidos whatsapp 3154830376 ,No link
alhajas_de_papel,68,356,4-Jun-18,3146666240,,,TALLER CREATIVO ALHAJAS DE PAPEL está dedicado al diseño y creación de piezas de Joyería artesanal y decoración en papel Contacto 57 3146666240,www.facebook.com/alhajasdepapel
novumed,23,129,28-May-18,,,,Tienda Virtual  Info al dm   Vive Sueña Innova Crea,No link
rutaboutique,50,236,29-Jun-18,3002040075,,,Envíos a todo Colombia Info whatssap 3002040075,No link
thepalmshop,489,"3,407",25-May-18,3148040524,,, The Palm Shop  Tienda Virtual Domicilios en Medellin y Envíos al resto del País  Medellin  Colombia  WhatsApp 314 804 05 24,No link
pasion_store,"2,531","3,940",25-May-18,3012922353,,,MI SOCIO ES DIOS ENVÍOS NACIONALES 3012922353 VENTAS X MAYOR Y AL DETAL MEDELLIN  a classnotranslate hrefpasionstorepasionstorea a class hrefexploretagspasionstorepasionstorea,api.whatsapp.com/send?phone=573012922353
bombom_by_laura,294,"1,702",27-Jun-18,3005144545,,,Tienda de ropa y accesorios  envios a todo el pais Contacto whatsapp3005144545 Ventas al por mayor y al detal,No link
espiritulibre.co,314,676,28-Jun-18,3104901881,,,By Jacke Guzmán Para espíritus libres y bellos como el tuyo Ventas al por mayor y al detal Pedidos por WS  3104901881 Envigado,No link
hipercelcom,110,100,15-Jun-18,,,,Equipos libres todas las marcas pedidos al por mayor y al detal Envíos  a todo destino nacional,No link
laguiadesincelejo,344,"5,654",28-Jun-18,,,,Directorio y Magazine virtual de la Ciudad y sus alrededores  Turismo Negocios Planes Concursos Cultura y mucho más  Muy pronto versión 30,www.laguiadesincelejo.com
rianadisk,"2,316","5,140",28-Jun-18,3114536075,,,Boutique de Prendas amp Accesorios Exclusivos a classnotranslate hrefaccesoriosinfiniteaccesoriosinfinitea Tu Diseñas Tu Vida Riana Tu Estilo Contáctanos 3114536075 Envíos Nacionales,No link
liris_co,10,76,22-May-18,,,,No biography,No link
kai_accesories_,31,76,28-Jun-18,,,,amor  arte  originalidad KAI accesories  unimos ideas hasta lograr el resultado deseado  pregunta por DM cómo adquirir tu producto,No link
tazel.co,64,229,11-Jun-18,3116162031,,,Multi Brand Store  3116162031                                   Medelliín Colombia,No link
mariaemmaaccesorios,12,61,18-Jun-18,3148112384,,,Somos Lo Que Hacen Nuestras Manos 3148112384 Medellín ,No link
ropayregalosmedellin,146,970,26-Jun-18,,,3042036929,Tienda virtual de ropa y variedades  Domicilios en Medellin Envíos a todo el país 100 seguros LINK DIRECTO WHATSAPP,api.whatsapp.com/send?phone=573042036929
orosantoaccesorios,8,57,27-May-18,3226896923,,,Empresa  Colombia venta al detal y al por mayor  Domicilios en Medellín  Envios a todo el país  Inf 3226896923,No link
corazondecorazon,48,"2,503",28-Jun-18,3122586687,,,Ventas al por mayor  Envíos a todo Colombia  Contacto 312 2586687  Estamos en Medellín  Accesorios para todos los gustos,No link
yalilia_ac,19,49,12-May-18,,,,Venta de hermosos collares a muy buen precio Más información y Domicilios en Medellin al Direct  BIENVENIDAS,No link
prestigio.mtp,359,"5,891",26-Jun-18,,,3206348219,Accesorios con mucho prestigio a class hrefexploretagsyosoyprestigioyosoyprestigioa Complementa todos tus outfits Envigado  Colombia Wapp directo ,api.whatsapp.com/send?phone=573206348219
alquilerdevestidoscamelia,236,"3,336",28-Jun-18,3182723709,,, Alquiler de vestidos amp Boutique de ropa   479 51 55  Cita solo para vestidos  1000 am 700 pm  318 272 3709 Enlace,api.whatsapp.com/send?phone=573182723709&amp;text=Bienvenido
beyou_accesorios,81,"3,452",19-Jun-18,,,, Whatsapp584245045842 Envíos Nacionales e Internacionales                 Zoom y DHL PayPalPayoneerZelle BarquisimetoVenezuela,www.beyouaccesorios.com.ve
modafitnesscol,"1,258","17,795",28-Jun-18,3122895699,,,Ropa Deportiva  Wps 3122895699 Envíos NACIONALES  INTERNACIONALES Entrega Segura   Medellín,api.whatsapp.com/send?phone=3122895699
petraaccesorio,15,57,26-Jun-18,3013457433,3108495389,, Accesories are like friesYou cant just have one  Ciudades Medellín  Pereira   WhatsAppMed 3013457433 Pei 3108495389   Envíos nacionales,No link
elrebujodemartace,33,48,4-Jun-18,,,,Joyería y muchas artesanías más a class hrefexploretagsaccesoriesaccesoriesa a class hrefexploretagsaccesoriosaccesoriosa a class hrefexploretagsjoyeriajoyeriaa a class hrefexploretagsartesaniasartesaniasa,No link
oxma.accesorios,183,"2,340",22-Jun-18,3206236478,,, 57 320 623 6478  MedellínColombia  Domicilios  a class hrefexploretagsoxmaaccesoriosOxmaAccesoriosa,www.Facebook.com/oxma.accesorios
jennys_shop_medellin,347,"28,585",7-Apr-18,3226643769,,,Ventas virtuales Entrega Inmediata Calidad garantizada Domicilios a nivel nacional Wpp 3226643769 Pago contra entrega,No link
bralette_desire,267,"10,475",25-Jun-18,3045472588,,,Tienda virtual   Ventas al por mayor y al detal  Bralettes desde 15000 2x50000 Todos los conjuntos Medellín Colombia  3045472588 a classnotranslate hrefmanuvelartmanuvelarta,No link
_esmeraldascolombia,306,"38,781",28-Jun-18,3147198811,,,Colombian Emeralds Directamente desde las minas a classnotranslate hrefesmeraldascolombiaesmeraldascolombiaa WhatssApp 3147198811,www.esmeraldascolombia.com
vendetumoto.co,240,"46,829",28-Jun-18,,,3057508454, Pauta tu MotoCuatrimotoUTVAccesorios en venta con nosotros   Colombia Escríbenos al WhatsApp,api.whatsapp.com/send?phone=573057508454
dinamo_social_store_,16,"1,908",25-Jun-18,,,3128751138,Productos  Originales Envíos a toda Colombia   Social network store  Escríbenos ,api.whatsapp.com/send?phone=573128751138
nati.shop4,137,265,27-Jun-18,3208788355,,,Tienda online  domiciliosORIGINAL Y REPLICA sólo whatsApp 3208788355,No link
sugarcraft.col,626,"2,532",28-Jun-18,3057256656,,, sugarcraftcolgmailcom   57 305 725 66 56  037 5 83 89 66  Atención personalizada  Envíos nacionales  Escribenos al whatsapp,api.whatsapp.com/send?phone=573057256656&amp;text=Bienvenido
vellstore_oficial,"24,810",826,29-Jun-18,,,,Visitanos  también en wwwfacebookcomvellstore,www.vellstore.com
pinchadas,"1,756","13,049",28-Jun-18,3203966461,,,Moda creativa zapatos psicodélicos Vestidos glamurosos en venta y Alquiler Ropa niñosTrajes Europeos4 5119411  320 3966461  Medellin,No link
importados_el_enano,8,284,28-Jun-18,3176046796,,,SUPLEMENTOS amp VITAMINAS Domicilios en MEDELLÍN   y envíos en todo  Informes 3176046796 PRODUCTOS ORIGINALES AMERICANOS ,No link
spiceshop1,620,264,28-Jun-18,3006587600,3046395379,,Tienda On Line Envíos a nivel nacional   confiable  Info al WhatsApp  3006587600 3046395379,No link
dcishop,"13,302","8,107",28-Jun-18,3044254790,,,a classnotranslate hrefDcishopDcishopa  Calzado Importado What 57 3044254790 envíos todo el paísCOLOMBIA ,No link
urban29store,658,858,27-Jun-18,3006961136,,,Tienda virtual  Medellin  Ventas al por mayor y al detal  Domicilios en Medellin Info Direct  o Wpp 3006961136 100 Confiables ,No link
xtreme__suplementos_medellin,654,"18,913",28-Jun-18,3127602283,,,Baja de peso con los mejores quemadores de grasa  envíos a todo el país  WSP3127602283 cambiado vidas y habitos preguntame como,No link
tudescansocolombia,32,"1,229",28-Jun-18,3438788623,,,Tu Descanso  Colchones amp Muebles Somos fabricantes directos con materiales  CALIDAD GARANTIZADA by Colchones Platino 0343878862  3007433521,No link
jfgstore,784,"2,211",28-Jun-18,3127816132,3103889404,,TenisRelojes Lociones  3127816132 3103889404 Entregas a domicilio en el valle de aburra Envíos seguros a toda Colombia,No link
labodegamedellin1,208,"2,006",29-Jun-18,3147358859,,,Ventas solo al Detal  WhatsApp 3147358859 No llamadas  Domicilios y envíos Envíos seguros a todo el pais WHATSAPP DIRECT ,api.whatsapp.com/send?phone=573147358859
labodegamedellin,"5,943","70,158",29-Jun-18,3147358859,,,Ventas solo al Detal  WhatsApp 3147358859 No llamadas  Domicilios y envíos Envíos seguros a todo el pais WHATSAPP DIRECT ,api.whatsapp.com/send?phone=573147358859
tennis__envigado,673,326,28-Jun-18,,,301692635,TENNIS TODAS LAS MARCAS TIENDA VIRTUAL DOMICILIOS A TODO MEDELLIN  VENTA AL POR MAYOR Y AL DETAL  TENNIS IMPORTADOS AAA a classnotranslate hreftennisenvigadotennisenvigadoa,www.facebook.com/Tennis-Envigado-1284081301692635
manto.thestore,775,"1,097",28-Jun-18,3127961003,,,  TIENDA VIRTUAL        a class hrefexploretagsropaRopaa  a class hrefexploretagsaccesoriosAccesoriosa  a class hrefexploretagszapatosZapatosa   a class hrefexploretagscarterasCarterasa  a class hrefexploretagsgafasGafasa  Pedidos 3127961003 ENLACE DIRECTO A WP,api.whatsapp.com/send?phone=573127961003
lanapatienda,"1,548","1,223",28-Jun-18,,,3016858768,Un Mercado de muchos artículos a su disposición con facilidades de pago Anímense y charlamosa classnotranslate hreflalaañapatienda,api.whatsapp.com/send?phone=573016858768
lipoblue_advance_medellin,529,"191,713",29-Jun-18,3126626021,,,recibes el mismo dia en MEDELLIN   LLÁMANOS  O ESCRIBE       312 662 60 21 clic en este Link para ir directo al whats,api.whatsapp.com/send?phone=573126626021
moon_tienda_,"1,665","11,724",28-Jun-18,3054364876,,,Medellin TIENDA VIRTUAL Envíos nacionales  De 10 am 8 pm Ventas al detal y al por mayor Wapp3054364876 FABRICANTES Todas tus dudas acá ,api.whatsapp.com/send?phone=573054364876
creeseingecarq,66,557,28-Jun-18,3167424170,,,Mayor información  3167424170  5897997 a classnotranslate hrefcreeseinmobiliaria2017creeseinmobiliaria2017a,No link
maissa_accesorios,146,358,28-Jun-18,3217628896,,,El arte de ser mujer Accesorios y complementos femeninos Somos tienda virtual en Medellin Pedidos al wapp 3217628896 Envios  seguros,No link
cese_style,67,307,28-Jun-18,3022471155,,,Cese Style  Tienda VirtualElegancia sensualidad y exclusividad  Ropa informal  y deportiva  Sebastián Giraldo 3022471155,No link
camisetasclothingcali,"1,043","2,736",29-Jun-18,3107111847,,,Cali  Colombia  Venta de ropa al Mayor y Detal  Envios a nivel nacional  Zapatillas a classnotranslate hrefjrsportcalijrsportcalia  Compras vía WhatsApp 573107111847,api.whatsapp.com/send?phone=573107111847&amp;text=hola%2C+proveedor+%2Acamisetasclothingcali%2A+me+encuentro+interesad%40+
cafe1907medellin,"1,126","5,779",29-Jun-18,3226166583,,,Tostamos a class hrefexploretagscafe1907medellinCafe1907medellina  Colombia Tostadoras de lecho fluido que garantizan que el a class hrefexploretagscafecafea se tueste  de una manera uniformewhatsapp 3226166583,toroj201601.wixsite.com/cafe-1907
_the_shopping_medellin,"1,646","11,469",28-Jun-18,3002359704,,,estás en the shoppingmedellin tienda virtual wpp 3002359704  domicilios en Medellín y envíos a todo el pais  escríbenos  link directo,api.whatsapp.com/send?phone=573002359704
bestsellerkids,301,"4,426",28-Jun-18,3193519605,,,BestSeller kids WhatsApp 3193519605  Tienda de ropa infantil en Cali domicilios y recogida en nuestro local Villacolombia Envios nacionales,No link
pipemayaventas,440,"30,118",29-Jun-18,3105363010,,,Ventas de talmayor 57 3105363010  Medellín Colombia   Pipe Maya Ventas  a classnotranslate hrefpipemayaventaspipemayaventasa  a classnotranslate hrefpipemaya1pipemaya1a   seguro  Envíos a todo el país ,api.whatsapp.com/send?phone=573105363010
loliando_lm,489,"2,750",29-Jun-18,3113755468,,,Rocking clothestopsearrings amp more MedellínColombia Envíos y domicilios  Whatsapp 3113755468 Catálogo Ropa ,myalbum.com/album/2EJPX0uepfGq
luxurystoremedellin,199,"6,356",27-Jun-18,3016113367,,,Ventas al detal y por mayor   Whatsapp 3016113367 Ubicado en Medellín Colombia   Instagram a classnotranslate hrefluxurystoremedellinluxurystoremedellina   seguro,api.whatsapp.com/send?phone=573016113367
elclickshop,324,"46,453",28-Jun-18,3008421418,,,Tecnologia y hobbies productos Nuevos Para información precios direct y whatsapp 57 300 842 1418 domicilios en medellin envíos a toda ,www.tiendaelclickshop.com
mayoristasvictoriasecret,511,"3,353",28-Jun-18,3208040113,,,Ventas por mayor Victorias Secret y PINK Compras  garantizadas hacemos envíos a todo Colombia  cuenta minorista a classnotranslate hrefbomboshellstorebomboshellstorea WA3208040113,No link
companyshop_,27,"8,357",29-Jun-18,,,,MedellinColombia Perfumeria  original y garantizada Compras seguras Envíos a todo el país Contra entrega en medellin Mayor amp detal,No link
romanticwishboutique,466,"7,485",28-Jun-18,3103723651,,,Ropa americana para dama confiableinfo 3103723651  5740340 ventas al por mayor y al detal Cc metrópolis local 110somos importadores directos,No link
luxurybrandsmedellin,3,10,27-Jun-18,3016113367,,,Ventas al detal y por mayor   Whatsapp 3016113367 Ubicado en Medellín Colombia   Instagram a classnotranslate hrefluxurystoremedellinluxurystoremedellina   seguro,No link
repro_max,267,"3,053",28-Jun-18,3136830656,,,Especialistas en electrónica automotriz mejoramos el sistema de inyección  Medellín  313 6830656 Barranquilla 301 6054220 Manizales  313 6303320,Repro-max.com
mosh_tennis,51,57,27-Jun-18,,,,Tienda virtual de tennis Atendemos tu pedido de forma rapida calzado nacional e importado Domicilios en medellin Envios a toda colombia,No link
fesita_ov,176,"1,231",28-Jun-18,3045246555,,,Outlet virtual Ventas al por mayor Y detal Domicilio en Medellín y al resto del país Contacto de WhatsApp  57 3045246555 a class hrefexploretagsfesitaFesitaa,No link
perfumes_mundoaroma,114,"6,674",28-Jun-18,3213540573,,,Medellin  pago contraentrega          PerfumesRéplicas finas 11  LÍNEA ÚNICA WHATSAPP  3213540573 Tienda Online  Segura Compra en línea,api.whatsapp.com/send?phone=573213540573
medellinfit_,159,"4,248",28-Jun-18,3006879513,,,SUPLEMENTOSampVITAMINAS Envíos a toda  DOMICILIOS MEDELLÍN ENVIGADO  SABANETA TAGUI   Originales  3006879513  ClickWHATSAPP,api.whatsapp.com/send?phone=573006879513
angeluna.accesorios,198,204,27-Jun-18,3166698852,3207367254,,Accesorios para dama caballero y hogar Ventas al por mayor y al detal somos fabricantes  Pedidos 3166698852  3207367254 Entregas a domicilio,No link
venustiendavirtual,673,"2,041",28-Jun-18,3128104163,,,Tienda inspirada en la mujer  Hecho en Colombia Envíos a todo el país  seguros Domicilios en Medellín  Pedidos al WhatsApp  3128104163,No link
calzadostar_,"3,211","11,363",28-Jun-18,3148094361,,,Envíos a todo Colombia INFO 3148094361  WhatsApp A SOLO UN CLICK ,api.whatsapp.com/send?phone=573148094361
horustoredyc,"1,260","1,714",27-Jun-18,3005014990,,,Productos 100 ORIGINALES Nacionales e importados 57 3005014990 Domicilios Gratis en MedellínEnvíos a toda Colombia,No link
modayaccesoriosnd,"1,436","7,433",28-Jun-18,3013060901,,,Ropa femenina Somos fabricantes Envíos a todo el país WhatsApp301 3060901 NO TIENDA FÍSICATODO SOBRE PEDIDO,api.whatsapp.com/send?phone=573013060901
espiritudelmarbw,130,710,27-Jun-18,,,,El bienestar del mar empieza en tu hogar Joyería y accesorios inspirados en la fauna marina los colores del océano y la naturaleza Medellín Col,No link
dolcecherrypijamas,37,"2,689",28-Jun-18,3015964583,,,Venta de hermosas pijamas desde 11500  Al por mayor y al detal Envíos  seguros MedellínColombia  solo Whatsapp 3015964583,No link
casastudioboutique,28,"22,790",27-Jun-18,,,,Im a trend Tienda Virtual Envíos 100 seguros Pagos conteaentrega en Medellín Espéranos pronto  a class hrefexploretagstiendacreadapensandoentiTiendacreadapensandoentia ENVÍOS A TODA COLOMBIA,No link
ines.momentosconamor,325,"1,460",27-Jun-18,3218538115,,,Que me traes    Amormucho amor  Una bonita forma de dar amor   Regalitos  Desayunos sorpresa  Plantitas  a class hrefexploretagsdesayunosmedellindesayunosmedellina   321 853 8115,No link
anaix_belleza_y_salud,54,193,28-Jun-18,3127602283,,,WSP3127602283 tenemos para ti Los mejores del mercado ULTRAZX LIPOBLUE NITROFIT NEXT ULTRAZX GOLD OBX a classnotranslate hrefanaixbellezaysaludanaixbellezaysaluda,No link
aromafresa,184,"15,229",28-Jun-18,3213540573,,,PerfumesRéplicas finas 11 Medellin  pago contraentrega     NUEVA LÍNEA ÚNICA WHATSAPP3213540573 Tienda Online  Segura Compra en línea,api.whatsapp.com/send?phone=573213540573
alma.violeta,244,"1,874",28-Jun-18,3117162864,,,Ventas solo al Detal  WhatsApp 3117162864 No llamadas  Domicilios y envíos  Envíos seguros a todo el pais WHATSAPP DIRECT ,api.whatsapp.com/send?phone=573117162864
malanochestore,923,"11,368",28-Jun-18,3023163148,,,Independent brandDark Clothing  Bogotáenvíos a toda Colombia SHIP WORLDWIDE on Etsy Designer a classnotranslate hrefElizabethatesElizabethatesa ComprasWhatsapp 3023163148,www.etsy.com/es/shop/MalaNocheStore
angel_virtualstore,262,"1,678",29-Jun-18,3016790037,,,Joyas en oro laminado18k Tienda virtual Colombia  Wpp 3016790037  No llamar  Bancolombia  Efecty  Envíos a todo el país  seguros,No link
mugsmedellin,312,"2,861",29-Jun-18,,,3022716852, Personalízalos como tú quieras  Venta detal y por mayor  Domicilio en Medellín   Pago contraentrega  Click para WhatsApp,api.whatsapp.com/send?l=es&amp;phone=573022716852
elalmacendefercho,7,14,27-Jun-18,3104305465,,,WhatSapp 310 4305465 Ventas de Productos de belleza importados y muchos mas de buena calidad,No link
peregrinosboutique,583,"1,100",28-Jun-18,3137545855,3142877471,,By Hogar de paso Peregrinos lo que compras aquí ayuda a unos Gatitos emprendedores Envíos nacionales Compra segura 3137545855 3142877471 Medellín Co,No link
ac_variedad,607,"1,548",26-Jun-18,,,3148231909,Aquí encontrarás muchas variedades para todos los gustos  Envíos en Colombia WhatsApp a un solo clik,api.whatsapp.com/send?phone=573148231909&amp;text=hola%2C+que+tal%3F
lipoblue.advance.medellin,97,"72,396",28-Jun-18,,,3108954126,a class hrefexploretagslipobluemedellinlipobluemedellina a class hrefexploretagslipoblueoriginallipoblueoriginala a class hrefexploretagslipoblueadvancelipoblueadvancea a class hrefexploretagsmedellinmedellina Clic en link para dirigirte a mi whats directamente,api.whatsapp.com/send?phone=573108954126
ventasjasa,48,351,28-Jun-18,3002362062,,,no llamadas  sólo whatsapp 3002362062  o directo 247 envíos a todo el país ,No link
urbanwear.we,220,"3,906",29-Jun-18,3044891629,,,Tienda virtual  Porque lo que usas también define tú actitud Envios a todo Colombia  Whatsapp   3044891629 Admina classnotranslate hrefelyperez01elyperez01a,www.facebook.com/urbanwear.we
importshopjj2,252,"2,805",28-Jun-18,3212949960,,,   321 2949960 Sigue  a class hrefexploretagsimporjjimporjja Tiendanbsp  virtual ROPA IMPORTADA  LINK DIRECTO A NUESTRO WHATSAPP ,api.whatsapp.com/send?phone=573212949960
advance_lipoblue,"3,063","125,269",28-Jun-18,,,3223024131,  Clic para dirigir directo al whats ,api.whatsapp.com/send?phone=573223024131
gothamstorecolombia,715,"2,212",28-Jun-18,3014013554,,,Los mejores productos al mejor precio  Envíos nacionales  Recibimos tarjetas   Ventas al por mayor y detal  Whatsapp 57 3014013554,No link
hfsolucionestecnologicas,13,122,26-Jun-18,3157882859,,,Tienda Virtual  OFRECEMOS PARA TI Venta y Mantenimiento PC Venta e Instalación de Cámaras CCTV  Whatsapp 57 315 7882859,No link
mkvirtualtienda,"1,184","47,186",28-Jun-18,,,,tienda virtual  ofrecemos productos de la mejor calidad  a los mejores precios DOMICILIOS GRATIS EN MEDELLÍN envío a todo COLOMBIAa classnotranslate hrefmkvirtualtiendamkvirtualtiendaa,No link
globaltechnoclothing,88,263,28-Jun-18,,,,Culture clothes de a classnotranslate hrefglobaltechnomusicglobaltechnomusica alusiva a la escena del TECHNO y TECHHOUSE  Servicio a domicilio y envíos a todo el país,www.facebook.com/Global-Techno-Music-149222488887260
sagradarose,58,"2,247",26-Jun-18,3104212683,,,Fabricamos tus zapatos Tienda virtual de accesorios exclusivos Envíos a toda Colombia ubicados en Medellín  info 3104212683,No link
marcerojostore,447,547,28-Jun-18,3136987124,,,TIENDA VIRTUAL by a classnotranslate hrefmarcerojomarcerojoa Ventas al Detal y Por Mayor Excelente Calidad WhatsApp 3136987124 Domicilios en Medellín  Envíos Colombia  Segur,No link
joseluis.torrealba.a,"1,534","22,058",26-Jun-18,3015822044,,,Abriendo fronteras con Dios Numerologo Tarotista Conferencista  Whatsap 573015822044 a class hrefexploretagsjoseluisnumerologojoseluisnumerologoa,api.whatsapp.com/send?phone=573015822044&amp;text=INTERESADOCONSULTA
dubenlab,"1,229","1,941",26-Jun-18,,,,Siempre Radiante Siempre Bella Siempre Duben Whastapp ,bit.ly/2IZ7iCA
p1storee,23,205,26-Jun-18,3213629659,,,Sudaderas a d i d a s  N i k e Execelnte calidad a los mejores precios  Variedad En Tallas  wpp 321 362 9659  e n v i o s,No link
medellingold,61,695,26-Jun-18,3185547545,3005959916,3347694411,ORO 18K a class hrefexploretagsluxurylivingluxurylivinga a class hrefexploretagsgoldgolda  Servicio a domicilio Envios nacionales  Contacto a classnotranslate hrefdeozzzdeozzza a classnotranslate hrefcristianbetancurcristianbetancura 3185547545 3005959916,www.facebook.com/Medellin-Gold-Store-164843347694411
lipobluee_medellin,"3,443","203,668",28-Jun-18,3222161028,,, Todo lo que necesitas mujer Envíos a todo destino  Whatsapp 322 216 10 28 Clic para dirigirte a mi wpp,api.whatsapp.com/send?phone=573222161028
vanesalazarventas1,109,297,26-Jun-18,,,,Producto a la venta,No link
soportcam,"2,598","3,722",28-Jun-18,3224825,,,VENTA E INSTALACIÓN Soportes TVMallas de Seguridad Cortinas Persianas Tendederos plegables 57 4 3224825  Whatsapp solo tocar el link siguiente,bit.ly/SoportcamWhatsapp
kingstore.tienda,"3,676",661,27-Jun-18,3023902935,,, Medellín  El Retiro  Antioquia  TIENDA VIRTUAL  Envios a nivel nacional   Por mayor y detal   700   WhatsApp3023902935,No link
maderocr,316,"1,864",28-Jun-18,3003968037,,,AQUÍ se Sueña Imagina y Crea   Wapp 3003968037  Medellín Colombia,No link
tinacollection.co,12,63,26-Jun-18,,,,No biography,No link
mielmostaza.col,872,"3,437",26-Jun-18,3012000250,,,Dulzura en cada paso Diseñada para mujeres que disfrutan siendo autenticas siendo ellas  VENTAS XMA Y DETAL Ws3012000250 Facebook a classnotranslate hrefktliosktliosa,m.facebook.com/mielmostaza.col
sermed_salud,113,"1,326",28-Jun-18,3052946824,,,Encuentra aquí  variedad de productos para el cuidado de tu cuerpo y tu saludenviamos a todo el país  Whatsapp 3052946824,No link
videoshollywood,88,"10,710",26-Jun-18,,,,New YorkColombiaJ DARREN ENTERPRISES,No link
junglacases,180,"1,054",28-Jun-18,3002751832,,, TIENDA VIRTUAL    Encuentra el case perfecto para tu iPhone  WhatsApp 300 275 1832301 204 0836  8am  8pm,No link
shanti_tienda_virtual,169,238,27-Jun-18,,,,a class hrefexploretagsbisuteriabisuteriaa a class hrefexploretagsrelojesrelojesa a class hrefexploretagsropadeportivaropadeportivaa a class hrefexploretagspijamaspijamasa a class hrefexploretagslenceríalenceríaa a class hrefexploretagsbolsosbolsosa a class hrefexploretagsmorralesmorralesa a class hrefexploretagsshantitiendavirtualshantitiendavirtuala,bit.ly/WhatsAppShantiTiendaVirtual
aprovarpropiedadraiz,98,779,26-Jun-18,,,3053390684,20 Años de Experiencia Administración de Propiedad Horizontal y Venta de propiedad Raíz ofrecemos servicios integrales en el sector inmobiliario,api.whatsapp.com/send?phone=573053390684
vboutique8,135,105,26-Jun-18,,,,No biography,No link
shoponceonce,299,366,29-Jun-18,3045472658,,,MedellinANTIOQUIA Bienvenids a Shoponceonce  Variedad que complementa tus gustos  WhatsApp 3045472658 a class hrefexploretagsshop1111shop1111a,No link
vivisatienda,890,"3,268",26-Jun-18,3136833484,,,Tienda Virtual   Envíos Nacionales   Domicilios Medellín  Compra   segura  Whatsapp 3136833484  Directo ,api.whatsapp.com/send?phone=573136833484
aromaessence3,59,"1,061",28-Jun-18,3223647013,3144373699,,perfumesreplicas 11Cúcuta PAGO CONTRAENTREGANUEVA LINEA única WHATSAPP32236470133144373699 tienda online seguro comprar en linea ,api.whatsapp.com/send?l=es&amp;phone=573223647013&amp;text=Hola+Aroma+Essence+quiero+mas+informacion+sobre+tus+fragancias%21
tiendagusi5,38,184,28-Jun-18,,,,No biography,No link
tutti_tiendavirtual,12,48,27-Jun-18,3023674000,,,PERFUMES ORIGINALES PRODUCTOS CAPILARES WELLA  ENVÍOS A TODO EL PAÍS CONTRAENTREGA EN EJE CAFETERO WHATSAPP 24Hrs 3023674000 ,No link
bomboshell_store,"1,379","4,041",28-Jun-18,3208040113,,,BODEGAS MAYORISTAS ENVÍOS A TODO COLOMBIA  COMPRAS 100 GARANTIZADAS NO CAMBIOSDEVOLUCIONES WA 3208040113 alterna a classnotranslate hrefmayoristasvictoriasecretmayoristasvictoriasecreta,No link
importshopjj,933,939,28-Jun-18,3212949960,,,   321 2949960 Sigue a class hrefexploretagsimporjjimporjja  Tiendanbsp  virtual ROPA IMPORTADA  LINK DIRECTO A NUESTRO WHATSAPP ,api.whatsapp.com/send?phone=573212949960
dedostienda,337,"4,511",25-Jun-18,3126018748,,, Calzado  Ropa  Tienda  Medellín  Compra segura  Escríbenos  3126018748,api.whatsapp.com/send?phone=573126018748
sr.osotiendavirtual,180,"1,614",28-Jun-18,3185258044,,,Tecnología Accesorios Componentes Gamers Suplementos Envíos  a toda  Compra Segura  Wapp318 5258044 By a classnotranslate hreffranciscoaristizabalsfranciscoaristizabalsa amp a classnotranslate hrefcgraphiccgraphica,No link
latiendarosada,814,"5,720",25-Jun-18,3125831980,3046059135,,Moda Femenina y mucho más Tienda Virtual en Medellin Envíos Nacionales  seguros  DETAL Y AL POR MAYOR 3125831980 3046059135,No link
tycheaccesorios7,"2,001",226,28-Jun-18,3137891227,,,Para tus sueños Tyche Accesorios siempre de moda con nuevas colecciones en accesorios bolsosbilleteras y mucho más Para ti Información Wp 3137891227,No link
muga_medellin,216,"1,550",25-Jun-18,3500031938,,,35000 envío domicilios en medellin  envíos a toda colombia totalmente confiables Super comodos  3193871691 3104207861 Conjuntos  a class hrefexploretagslencerlencera,No link
publicidadlondon,319,"2,091",28-Jun-18,3014173308,3006413336,, DISEÑO Y PUBLICIDAD Contácto   3014173308  3006413336  Belén La palma 27a class hrefexploretags82a82aa76 edificio el Palmar local planta baja  Facebook ,m.facebook.com/londonpublicidad/?ref=bookmarks
samotproducts,48,89,28-Jun-18,3007979150,,,Somos Agentes de Compras Internacionales Te traemos el producto que quieras y a donde quieras Aceptamos cualquier medio de pago  3007979150,No link
juanpino1987,100,555,25-Jun-18,,,,Live a life in the fast line but safe   Be happy  enjoy every second be free smile everyday even when is raining  or sunny ,No link
vigusclothing,107,"9,877",28-Jun-18,,,3013463471,Tienda Virtual a class hrefexploretagsvigusclothingvigusclothinga   Domicilios gratis en Medellín  Envíos Nacionales   WhatsApp Directo ,api.whatsapp.com/send?phone=573013463471
distribuidor_victoriasecret,503,"2,650",28-Jun-18,3208040113,,,Cuenta principal a classnotranslate hrefbomboshellstorebomboshellstorea Maquillaje al por mayor tenemos los mejores precios  envíos a todo Colombia WA3208040113,No link
bigmediacol,185,"3,614",28-Jun-18,3117854802,,,Administramos sus redes sociales y diseñamos páginas web 100 administrables y vendedoras  Info 3117854802 a class hrefexploretagsredessocialesredessocialesa a class hrefexploretagsdiseñowebdiseñoweba,www.bigmediacolombia.com
wappasonline,"1,032","5,865",29-Jun-18,3164536992,,,  Moda    Accesorios    Belleza    DecoHogar   MED  COL    3164536992   Visita nuestro blog y tienda virtual  ,goo.gl/WofdK5
de_luxe_salon,"1,189","8,060",25-Jun-18,3017237082,,, Estilista Profesional  AGENDA TUCITA  3017237082  EL POBLADOESPECIALISTAEN MECHASCOLOR HAIR ALIZADOS PROGRESIVOSBALAYAGEENVIGADO,No link
aa__amab,14,100,25-Jun-18,3502119292,,,Somos fabricantes                          Ventas al por mayor y al detal Envios a todo el país                               Wpp 350 211 92 92,No link
costumbrenovedosa,8,57,25-Jun-18,,,3103882478,TU TIENDA VIRTUAL Accesorios para Dama y Caballero  Ventas Al Por Mayor Y Al Detal  Envios A Todo Medellin  Garantizado  WhatsApp ,api.whatsapp.com/send?phone=573103882478
labodega_caps,479,"1,017",25-Jun-18,,,3207548735,TODO EN GORRAS ROPA DEPORTIVA Y ACCESORIOS  PERSONALIZAMOS PARA TI  ESTAMPADO BORDADO Y CORTE LASER CRA 49 5134 ITAGUI DIAGONAL A AGAVAL,api.whatsapp.com/send?phone=573207548735
lecoquettepijamas,49,101,25-Jun-18,,,,Marca inspirada en mujeres soñadoras pero sobretodo reales 100   Medellín,No link
malibu_tiendaonline,19,145,25-Jun-18,3044799026,,,Tienda Online  Bienvenids a nuestra página  en la que  podrás encontrar hermosos detalles  Wa 3044799026  Medellín ,No link
personalizadosmn,42,78,25-Jun-18,3044799026,,,Somos una tienda virtual en la que podrás encontrar hermosos detalles personalizados para ti y para quienes más quieres  Wa 3044799026 Medellín ,No link
electric.avenuee,126,"19,698",29-Jun-18,,,,Prendas Urbanas amp Deportivas Para Tenis gt a classnotranslate hrefelectricavenueshoeselectricavenueshoesa Prendas 100 Colombianas Seguridad amp Cumplimiento Más info DM amp Wpp  7am8pm,No link
chefcharleswebb,"1,900","45,554",28-Jun-18,,,,Entrepreneur Chef  Influencer  Ringmaster a classnotranslate hrefringmasterdigitalringmasterdigitala,chefcharleswebb.com
gnesis_moda.medellin,"1,476","2,631",28-Jun-18,3192658629,3126796750,,Hermosas camisetas Punto de fábrica  ventas al mayor y al detal whats 31926586293126796750 CC HUECO No1 Lc 313   Medellin,No link
estefaniamcm,690,"1,083",25-Jun-18,,,,No biography,No link
k5envigado,45,485,29-Jun-18,3155320622,,,La mejor opción de Materiales para Construcción en Envigado Teléfono 444 31 55 WhatsApp 320 622 29 40,www.k5sas.com
mundocolombia_,7,56,24-Jun-18,,,, Tienda de ropa y productos nacionales Envíos a todo el país No te quedes con las ganas Pide en MundoColombia hoy ,No link
tayrona_store,"1,436","72,629",28-Jun-18,3108399995,,,Colombia Tienda Virtual Envíos a nivel nacional Somos Fabricantes WhatsApp  57 3108399995 a class hrefexploretagstayronastoretayronastorea a class hrefexploretagscuadroscuadrosa a class hrefexploretagscojinescojinesa,www.tayronastore.com
sama.store07,"1,059","1,117",27-Jun-18,3507549626,,,Tienda multimarca Tennis y ropa deportiva  Envíos a todo el país   Pedidos al 3507549626 Enlace directo a nuestro whatsapp  ,api.whatsapp.com/send?phone=573507549626
directv_ventas,351,125,27-Jun-18,,,3122203797,a class hrefexploretagsfutbolendirectvfutbolendirectva a class hrefexploretagsfútbolpordirectvfútbolpordirectva a class hrefexploretagsdirectvdirectva Asesoría a un clikc,api.whatsapp.com/send?phone=573122203797&amp;text=Hola%2C+quiero+saber+a+cerca+de+Directv+%F0%9F%93%A1+.++M%C3%AD+nombre+es+
gatikastore,14,138,24-Jun-18,3003685363,,,Tienda virtual Las entregas se hacen a cualquier estación del metro Ventas en Medellín  Todo lo publicado está disponible  WhatsApp 3003685363,No link
sports_massage_medellin,"1,167","6,647",28-Jun-18,3146639180,,,MASAJES RELAJANTES DESCONTRACTURANTES MASAJES DEPORTIVOSDOLORES MUSCULARESESPASMOSLUMBAGO 3146639180PARQUE POBLADO,No link
eraseunavezpv,195,"1,341",27-Jun-18,3188321394,,,Envios a todo Colombia Nueva tienda en Jardin Antioquia Ideas creativas Hecho a mano eraseunavezpvgmailcom Info 318 8321394,No link
proyectosorpresa,76,"1,086",26-Jun-18,3147977755,,,a class hrefexploretagsdiseñamosDiseñamosa y a class hrefexploretagspersonalizamosPersonalizamosa tus a class hrefexploretagsespaciosespaciosa a class hrefexploretagseventoseventosa y a class hrefexploretagsobsequiosobsequiosa  InfoProyectosorpresamedgmailcom   3147977755 MedellínColombia,No link
emporio_accesorios,87,316,28-Jun-18,3175047733,,, Moda urbana Accesorios y Bisutería   Envíos a todo Colombia   Tenemos Catálogo Digital   Whatsapp 3175047733  a class hrefexploretagsemporioaccesoriosemporioaccesoriosa,No link
endulza_lavida,160,224,24-Jun-18,3136504707,,,Endulza la vida con bellos detalles ideales para cualquier momento   Medellin Colombia   313 650 47 07 304 578 02 15,www.facebook.com/Endulzalavida2017
lipoblue_x_medellin,"1,799","83,861",28-Jun-18,3113257070,,,envios todo el pais  Wpp 311 325 70 70 Atención inmediata ,api.whatsapp.com/send?phone=573113257070
candyplanetoficial,24,52,23-Jun-18,3502029270,,,ESPECIALISTAS EN PASTELERÍA ARTESANAL DULCES CUPCAKES GALLETAS Y PANADERIA  Información 57 350 2029270,No link
ventahorro,"1,067",936,28-Jun-18,,,, Tienda Virtual   Importado    Envíos a todo Colombia   Horario de atencion Lunes a Viernes de 7am5pm y Sabados de 8am12m a classnotranslate hrefventahorroventahorroa,No link
prestap.prestamos,38,365,28-Jun-18,,,,Micro Préstamos por internet,prestap.com/blog
tiendavirtual.vs,17,40,23-Jun-18,3137081709,,,    Entregas 100 confiables Venta de RopaAccesoriosbolsosmaquillaje Solo Whatsapp y direct 573137081709 ,No link
kittymiauoficial,38,"1,177",28-Jun-18,,,,Mi Perfil principal  es  a classnotranslate hrefohkittymiauohkittymiaua MedellínColombia Mi canal de a class hrefexploretagsyoutubeyoutubea ,www.youtube.com/user/kittymiauworld
kittymiaumoda,318,"15,474",28-Jun-18,3017635395,,,Info por whatsapp 3017635395 Tienda virtual by a classnotranslate hrefohkittymiauohkittymiaua   moda accesorios maquillaje y mucho mas  MedellinColombia,www.facebook.com/ElBazarDeKitty
dleatherscolombia,141,464,23-Jun-18,3212850429,,3648128089,Colombian a class hrefexploretagsleathersLeathersa a class hrefexploretagsaccessoriesaccessoriesa for Men international shipping  Tienda online  WhatsApp  57 3212850429 a class hrefexploretagsmenstylemenstylea a class hrefexploretagsmenaccesoriesmenaccesoriesa,www.facebook.com/DLeathers-259136481280893
juaneztennis,785,768,28-Jun-18,3206811647,,,Tienda Virtual MedellinColombia Envios Nacionales  Confiable  Wht 3206811647 a class hrefexploretagsjuaneztennisjuaneztennisa Comunicate a un clic,api.whatsapp.com/send?phone=573206811647
behytansuplementos,"2,930",947,26-Jun-18,,,,Behytan Suplementos te ofrece el servicio en linea ademas de ofrecer productos 100 autenticos es facil para tu bolsillo  Bienvenidos,www.facebook.com/ventasuplementomedellin
batasnoviacolombia,690,"1,294",28-Jun-18,3229443613,,,TIENDA ONLINE   BATAS PERSONALIZADAS PARA NOVIA NACIONALES  PAGO SEGURO  a class hrefexploretagsbatasbatasa a class hrefexploretagsbatasdenoviaencolombiabatasdenoviaencolombiaa  Bucaramanga Colombia  3229443613,api.whatsapp.com/send?phone=573229443613
ruboretacoloreta,800,740,27-Jun-18,3128510278,,,Info 57 3128510278 Envíos nacionales  ventas al pormayor y detal  Centro de Medellín venaver local 260 Horario 800am 730pm,No link
blusasa15mil,105,255,22-Jun-18,,,,Entrega inmediata  Envíos a todo el país  Owner a classnotranslate hrefjarhysosajarhysosaa   PEDIDOS,goo.gl/Rom2nb
corponatural_cuidado_capilar,102,"1,212",28-Jun-18,,,,Productos Naturales para el cuidado Capilar y Corporal con precios bajos Domicilios en Medellín Envíos a todo Rápida respuesta por inbox,No link
tennisshop.medellin,108,"3,813",22-Jun-18,,,,Mercancía importada,No link
voxdei_kl,"2,997","6,513",22-Jun-18,3194624962,,, Medellín Envíos a toda Col Gracias a Dios NO SE HACEN DEVOLUCIONES DE DINERO Whatsapp 319 462 49 62 a class hrefexploretagsropacolombianaropacolombianaa,No link
dreams_travelagent,315,"4,408",22-Jun-18,3225315254,,,Asesoría y Venta de Paquetes Turísticos dreamstravelagent01gmailcomasesor1dreamsgmailcom RNT 53225  3152544337 LINK DIRECTO WHATSAPP,asesor1dreams.wixsite.com/dreamstravelagent
mylenya,31,259,28-Jun-18,,,,No biography,No link
litomilu,61,65,23-Jun-18,,,,a class hrefexploretagssublimaciónSublimaciónaa class hrefexploretagsestampadosEstampadosaa class hrefexploretagsmugMUGaa class hrefexploretagscuadroscuadrosaa class hrefexploretagscojinescojinesaa class hrefexploretagsdecoracióndecoracióna Cada nueva idea inicia un mejor recuerdo,www.facebook.com/litomilu
lipoblue_medellin_advance,"1,425","34,693",28-Jun-18,3114240020,,,lipoblue advance  Baja de peso saludable 100  natural MEDELLIN  Whats 311 424 00 20 NORA DUQUE ,api.whatsapp.com/send?phone=573114240020
urbanmarket_med,36,"1,089",21-Jun-18,,,3113773160,Tienda virtual Ropa y accesorios para hombre y mujer OrginalesTriple A Medellín Envíos nacionales Los mejores precios a class hrefexploretagsurbanmarketurbanmarketa,api.whatsapp.com/send?phone=3113773160
bsm.store,366,"361,205",28-Jun-18,3146948162,,,Whp 3146948162 envios solo en Colombia Medellin CC Premium Plaza L2127  Cartagena CC Caribe Plaza L251  Inscríbete a nuestro canal ,youtu.be/h3wAUacWmCg
mediasmedellin,34,47,21-Jun-18,,,,Medias al x mayor y al detal los mejores precios de la ciudad ,No link
esenciainmobiliaria,42,64,24-Jun-18,,,,Asesorías y soluciones integrales en gerencia de proyectos compra venta y arriendo de inmuebles y construcción en a class hrefexploretagsmedellinMedellina a class hrefexploretagsantioquiaAntioquiaa,esenciapropiedadraiz.com
lymfashionart,298,"7,723",22-Jun-18,3126696085,,3701822550,TIENDA VIRTUAL  Productos sublimados manualidades decoraciones en láser y más Whatsapp 3126696085  Medellín Colombia,www.facebook.com/pages/L-M-Decoraciones/185137018225509?ref=hl.
tecnoexpressmed,146,"3,305",21-Jun-18,3013858708,,,Importamos relojeria tecnologia o lo que necesites  Genuinos  Cel 3013858708 a class hrefexploretagsimportacionesmedellinimportacionesmedellina  a class hrefexploretagsventasmedellinventasmedellina  LINK WHATSAPP,bit.ly/2skNYp1
chelitashop,14,93,21-Jun-18,,,3117759068,Sex shop  Lencería  Perfumería  Ropa íntima   Regalos con Amor   Tus pedidos aquí ,api.whatsapp.com/send?phone=573117759068
fullpaintball.cali,16,49,27-Jun-18,,,,TIENDA DE ARTICULOS DEPORTIVOS RELACIONADOS CON PAINTBALL AIRSOFT Y AIRGUNS,fullpaintball.co
barbacabellobigote,55,306,23-Jun-18,,,,No biography,No link
barbacabelloybigote,89,"1,197",23-Jun-18,,,,Tónico 100 Orgánico a classnotranslate hrefbarbacabelloybigotebarbacabelloybigotea Especializado en estimular el folículo piloso Activando el crecimiento del vello facial en nuevas zonas,m.facebook.com/Cabello-barba-bigote-511678849041864
made_in_medellin_clothing,681,"2,724",24-Jun-18,3005458681,,,a class hrefexploretagsmadeinmedellinmadeinmedellina Bienvenidos para los que viajan para los que sueñan Gorras y camisetas lleva tu esenciawhassap entregas 3005458681,m.facebook.com/MADE-in-Medellin
empirik1,121,"13,868",29-Jun-18,3107188379,3176364446,,Estilo feminidad y precio  Blusas blusones vestidos y busos Envíos a todo el pais   3107188379  3176364446 Calle 49a  3818 WhatsApp,api.whatsapp.com/send?phone=573107188379
skullcotton,55,"1,390",21-Jun-18,3007453906,,,Clothing amp Accessories    Entrega inmediata   300 745 3906 MedellínColombia Este Link te llevará directamente a mi WhatsAppnbsp,api.whatsapp.com/send?phone=573007453906
calzado.ored,177,550,26-Jun-18,,,,Tu Moda amp Tu Diseño,creaciones.ored
styleurbanm,90,172,27-Jun-18,3126305652,3681623228,,Ventas al Mayor y al Detal Whatsapp3126305652584244368162 Llamadas 3228310488 ubicados en Medellín Tienda virtual  Entregas en todo el país ,No link
andresvn20,890,"1,520",28-Jun-18,3216333830,,,Calzado importado Ventas al por mayor y al detal Domicilios en Medellín Envíos a toda colombiawpp3216333830,api.whatsapp.com/send?phone=3216333830
barrakajoyeria,59,"2,415",28-Jun-18,3024363037,,,Joyas en oro laminado de 18K Envíos Nacionales  Garantía 1 año Mayor info 3024363037  Visita nuestra Pagina web a class hrefexploretagscompraseguracompraseguraa  a class hrefexploretagscompracolcompracola,Barrakaj.wix.com/joyas
mariacaprichomc,101,"14,079",28-Jun-18,,,3005877729,Tienda VirtualDiseñamos y fabricamos pijamas exclusivas  Ventas al por mayor y al detal  Envíos a toda Colombia  Whatsapp Directo,api.whatsapp.com/send?phone=573005877729
muycoquetacolombia,48,"2,987",20-Jun-18,3052388963,,,Tienda Online Medellín  WhatsApp 3052388963 Envíos a toda Colombia Muycoquetacolombiagmailcom,No link
vanegalo20,84,207,28-Jun-18,,,,No biography,No link
jrstore25,158,140,22-Jun-18,3012991282,,,3012991282,www.facebook.com/jrstore25
vapor_icezero,80,596,23-Jun-18,3166244255,,,contacto 3166244255 repuestos  eliquids y todo lo relacionado al mundo del vapeo eso si cero clon ,No link
reynaldocarreno,367,494,24-Jun-18,,,,Vapeando ando,No link
jakestoreonline,226,232,20-Jun-18,3104341684,,,a class hrefexploretagsaccesoriosAccesoriosa  somos fabricantes   Ropa nacional e importada  Tenis  Por mayor y al detal  Envios nacionales Medellín Colombia  3104341684 What,No link
manuelzaguita,848,"1,143",27-Jun-18,3226600120,,,a class hrefexploretags77a a class hrefexploretagsworkhardstayhumbleWorkHardStayHumblea  VENTA DE TENIS  BUSOSGORRAS 3226600120,No link
grupointegrapr,10,"2,537",20-Jun-18,,,,Asesoría integral   Arrendamientos  Promoción y venta de inmuebles  Acompañamiento  Remates,www.grupointegrapr.com
yoandmewomenfashion,265,"1,018",20-Jun-18,,,,Lingerie and Womens Fashion  Tienda virtual  Marca Original  Envíos a nivel nacional  yoandmewomenfashiongmailcom a classnotranslate hrefyoandmewomenfashionyoandmewomenfashiona,www.yoandmewomenfashion.com
tiendadefraganciascol,181,"2,527",28-Jun-18,3508749597,,,Tienda virtual Colombia  Perfumería Original al por mayor y al detal  Envíos a nivel nacional  Info WhatsApp  3508749597,No link
bigg_store8a,4,48,19-Jun-18,,,,No biography,No link
ob.digital360,350,488,25-Jun-18,,,,No biography,No link
lunanueva0111,13,241,19-Jun-18,,,3046013734,MEDELLINEntrega a Domicilio Síguenos en FacebookL U N A N U E V A También vendemos al por mayor,mobile.facebook.com/profile.php?id=304601373404286&amp;ref=content_filter
lukinastore,126,91,25-Jun-18,,,,Vestidos de baño ropa deportiva ropa interior accesorios y más Elegante y brillante Hacemos envíos en toda Colombia By a classnotranslate hreflinavillegas16linavillegas16a,No link
jyd.perfumeria,51,742,26-Jun-18,,,3183744344,Venta de perfumería exclusiva Precios inigualables 100 originales Envíos nacionales y contra entrega en Medellín Fotos propias,api.whatsapp.com/send?phone=573183744344
ventasmmedellin,2,452,19-Jun-18,,,,No biography,No link
donglamourmoda,53,155,19-Jun-18,3116785659,,,siempre a la vanguardia de la moda y las tendencias Medellin Tienda de moda física y virtual Envios a todo el pais 100 confiable Whatsapp 3116785659,No link
vida_shop1,725,"10,196",28-Jun-18,,,3022247587,TIENDA VIRTUAL NITRO FIT LIPOBLUE ZX BOLSOS PERFUMES ROPA Y MAS BRONCEADORES NO LLAMADAS ENVIOS A TODO EL PAISSeguros INGRID ARANG,api.whatsapp.com/send?phone=573022247587
isyolatiendavirtual,111,193,28-Jun-18,3205899475,,,Tienda virtual donde encontrarás variedad de accesorios Domicilios en Medellín a class hrefexploretagswhatsappwhatsappa 3205899475,No link
encuadrarte,"2,174","3,361",28-Jun-18,3630147548,,,Taller creativo  Barra de café  Tienda de diseño  Tel 505 2736 Whapp 301 475 4863 Dir Cra 72a class hrefexploretagsc1C1a46 cerca de UPB,www.facebook.com/encuadrarte
dcventasmed,66,"3,264",19-Jun-18,,,3105092228,a classnotranslate hrefdcventasmeddcventasmeda DC ventas tienda de ropa  calzado y accesorios Domicilios Medellín 100seguro Envíos a todo el país Clic aquí para contacto,api.whatsapp.com/send?phone=573105092228
dulcemiajoyeria,139,597,27-Jun-18,,,3183112518,Oro laminado 18k Garantia de 1 año Compras y envios  seguros Lunsab 1000am700pm a class hrefexploretagsclientessatisfechosdulcemiajoyeriaclientessatisfechosdulcemiajoyeriaa  MedellínAntioquía ,api.whatsapp.com/send?phone=573183112518
electroipodventas,216,"1,502",28-Jun-18,,,,Servicio técnico especializado Venta de celulares nuevos y de segunda Garantizados CC El Diamante  local 1496  2302229,No link
sabanasaruna,192,"1,270",27-Jun-18,,,,Fábrica de sábanas para hotelería clínica y hogar Ubicados en eMedellín Calidad Diseños cómodos y seguros y responsabilidad es lo que te ofrecemos,m.facebook.com/sabanasaruna
audithorestore,965,310,28-Jun-18,3008531288,,,Medellín  Colombia    whatssap 3008531288  Escribenos al DM   Envios a todo el país a class hrefexploretagsventasalpormayorydetalventasalpormayorydetala a class hrefexploretagstenismedellíntenismedellína a class hrefexploretagsventatenisventatenisa,No link
upperstore01,177,"18,310",18-Jun-18,3137475183,3005104731,,Morrales Sprayground  Perfumería  Zapatos  Accesorios PRODUCTOS EXCLUSIVOS    Mejor precio GARANTIZADO  3137475183  3005104731,No link
latiendadelosantojos,300,930,28-Jun-18,3117477576,3207588663,,Cada semana contamos con hermosos relojes y gafas A UN PRECIO INCREÍBLE   Info Whatsapp 3117477576  3207588663 a class hrefexploretagsrelojesmedellinRelojesMedellina,No link
semplicita_colombia,41,342,18-Jun-18,,,3015788485,Semplicita  Ropa Cómoda y de Calidad    ENVÍOS TODA COLOMBIA  PAGO CONTRA ENTREGA MEDELLÍN  NO CAMBIOSDEVOLUCIONES  PEDIDOS ,api.whatsapp.com/send?phone=573015788485
laprovenzainmobiliaria,66,593,18-Jun-18,3187825762,3005279395,,Asesores inmobiliarios Medellín Colombia Real Estate Medellin 573187825762 573005279395 5744119524,www.laprovenzainmobiliaria.com
makeuplufer,418,624,23-Jun-18,3012442258,3015135332,,MedellínBquilla Soledad PAGO CONTRAENTREGA BANCOLOMBIA GIROS Envios Nacionales  a classnotranslate hrefdecoluferdecolufera Al por Mayor y detal 3012442258  3015135332,No link
estelauzapatos,201,497,18-Jun-18,3116984378,3146080396,,estelauzapatos te invitamos  a nuestro local calle47a class hrefexploretags77aa1677aa16a velodromo  ventas por whatsapp 3116984378 3146080396  página web disponible ,No link
laksmy_beauty,38,90,21-Jun-18,,,,Medellín Domicilios servicio de maquillaje y productos  Productos importados a muy bajo precio Consejitos de belleza y tips ,No link
distribucionesmedellinpk,149,"1,298",17-Jun-18,3128437307,,,Tienda Virtual  Envíos a todo el país Retiros en Parque Belén  Seguro y garantizado Whatsapp 3128437307,api.whatsapp.com/send?phone=573128437307
bohorquez_tiendavirtual,452,959,28-Jun-18,3147470554,,,Tenis  de las marcas más exclusivas    314 747 0554   Envíos a todo Colombia   WhatsApp Directo ,api.whatsapp.com/send?phone=573147470554
sexshopp_medellin,77,510,17-Jun-18,,,,Somos un Sex Shop encargado de dar Calidad EconomíaSeguridad y Discreción a nuestros clientesEnvíos Gratis en Medellín  Info por Direct,No link
latiendadeviguis,719,460,24-Jun-18,3213375247,,,TIENDA VIRTUAL No local manejamos todo bajo pedido envíos a todo Colombia   Dios es mi guía  Whats app 3213375247Pagos contra entrega,www.facebook.com/latiendadeviguis?ref=aymt_homepage_panel
inspirarte_detalles,21,152,17-Jun-18,3505797454,,,Nos inspira esa persona esa fecha ese momento especial   350 579 7454,No link
variartipereira,31,146,16-Jun-18,3105364028,,,TIENDA VIRTUAL MAYORISTAS Y MINORISTAS MASCOTAS MORRALES CANGUROS GORRAS MILITARES   COMPRA DESDE CASA  Wpp 3105364028  ENVIOS NACIONALES,No link
awarala_store,40,876,27-Jun-18,3015190349,,3004864333,Ventas al por mayor y al detal     Contáctanos  httpswwwfacebookcomawaralastore Pedidos 301 5190349,api.whatsapp.com/send?phone=573004864333
innamoratoaccesorios30,24,86,14-Jun-18,,,,Distribuimos accesorios con estilo,No link
prisolconsultores.tatianamora,3,25,12-Jun-18,,,3194263721,Te ofrecemos excelentes precios Ingresa a el link y pregunta el servicio que necesites,api.whatsapp.com/send?phone=573194263721
trukitosdeamor,227,"1,903",27-Jun-18,3218670211,,,Personalizalos tu también  Compras Online  Seguras  Pedidos  3218670211 Mugs  Camisetas Gorras  Cojines Llaveros  Agendas,api.whatsapp.com/send?phone=573218670211
hamabeadsmedellin,17,71,28-May-18,,,,Todos los diseños publicados estan disponibles  MedellinColombia,No link
amapola.01,43,509,13-Jun-18,,,, Tienda online de artículos                                                                            Medellín Colombia  ,No link
ganascontucelular,20,285,14-May-18,,,,SE PIONERO y gana el 100 de rentabilidad  sin necesidad de VENDER Buscamos formadores de Equipos   Contactanos ,No link
leonardo_barreno,560,"2,942",28-Jun-18,,,,a class hrefexploretagssoySoya Punto fijo Paraguana  Venezuela a class hrefexploretagsvivovivoa Colombia Medellín  Ariano sentimental   licturismo,No link
clothesexpress,"1,847","2,532",27-Jun-18,,,3154070851,ROPA MODA ESTILO    Tienda multimarcas compra 100 segura Entrega inmediata,api.whatsapp.com/send?phone=573154070851
mystikosuniverso,832,"2,817",29-Jun-18,3042449629,,,Te diseño cofres llenos de magia con a class hrefexploretagsmandalasmandalasa  y más whatsapp 3042449629   a class hrefexploretagscolorColora   a class hrefexploretagsvidavidaa   a class hrefexploretagspetspetsa   a class hrefexploretagsrockrocka    a class hrefexploretagsmujeresvalientesmujeresvalientesa ,www.facebook.com/MystikosUniverso
velvet.essentials,106,"2,354",26-Jun-18,3104542630,,,Accesorios  FeminidadEstiloDelicadeza Ventas por mayordetal 3104542630  By Colombian hands  Envíos a todo el país MedellínAntioquiau ces,No link
estilo.d.vida,73,259,18-Apr-18,3031164950,,,Basados en lo mejor de la ciencia y naturalezanuestros productos innovadores harán que ames tu piel rejuvenecida 30 días de garantía 3116495029,No link
fuckclore,151,"1,461",27-Jun-18,3012836946,3005739871,,Dress your bad feelings 30128369463005739871 Ventas por mayor y detal Domicilios  Envios a todo el país,No link
doitmedellin,94,"6,125",27-Jun-18,3215719507,,,TODO el entretenimiento de la ciudad  Restaurantes Bares Discotecas Conciertos  Publicidad 573215719507  a class hrefexploretagsdoitmedellindoitmedellina,api.whatsapp.com/send?phone=573215719507
convertidor_tv_box,5,12,5-May-18,,,,Venta de artículos electrónicos todo lo relacionado con gadgets y hobbies  Domicilios solo en Medellín,No link
districasemedellin,313,"2,834",28-Jun-18,3013770919,,,Distribuidores De Accesorios Para Celulares Ventas Al por Mayor y al Detal Envíos a todo el país  wp 3013770919 Adm a classnotranslate hrefyosoybrianyosoybriana ,m.facebook.com/home.php
loscacharrosde,12,45,31-Mar-18,,,,Ingresa a mi sitio web y antojate que yo estoy para complacerte,www.dropbox.com/sh/5kkc07scbo63cci/AAAns_xaq3NxfFbhQPXCQkYJa?dl=0
karenheciramaldonadoperez,43,115,14-Mar-18,3103763620,,,Tienda virtual KARENS Tú  presencia mi tendencia Envíos nacionales e internacionales info al privado   WhatsApp 573103763620,No link
morfina_fina_store,23,90,2-Apr-18,3013236230,,,Tienda de calzado Y marca de ropa en gestación  Apuntamos a los estilos clásicos y juveniles Calzado importado y nacional  WhatsApp 3013236230,No link
belcasshop,215,"1,019",1-Jun-18,,,3227593521,Venta de productos Nacionales e Importados  Ventas al Mayor y al Detal Maquillaje MAC  Kylie   Perfumes   Envios Nacionales Bogota Colombia,api.whatsapp.com/send?phone=573227593521
manumanustore_medellin,39,107,15-Jun-18,3016083404,,,Venta de Ropa Americana 3016083404,No link
therapeutic.bag,76,106,16-Jun-18,,,,No biography,No link
variedadespatuca,269,369,28-Jun-18,3044499742,,,MedellínColombia  Maquillajejuguetería y cuidado personal  Siguenos a classnotranslate hrefmagastoreemagastoreea a classnotranslate hrefplaymagaplaymagaa Tel3044499742 a class hrefexploretagsmedellínmedellína a class hrefexploretagsmaquillajemaquillajea,No link
venta.relojes.j,98,441,22-Jun-18,3046612798,3002393870,,Compras seguras Confirmar existencia del reloj     WhatsApp 30466127983002393870 VentasXmayor y detal Envíos toda Colom Somos de Medellín,www.facebook.com/venta.relojes.7
luxury_ventas71,169,211,28-Jun-18,3013186218,,,Envíos a toda colombia whatsapp gt 301 318 62 18 Ventas al por mayor y al detal,No link
calzadourbanomedellin,24,264,1-Apr-18,3113363347,,,Escríbenos a whatsapp    3113363347 PRECIOS DE FABRICA PROMOCIONES  CONSTANTES  TOTALMENTE COLOMBIANO DE EXCELENTE CALIDAD GARANTÍA ,No link
cachorrosm,684,"1,938",29-Jun-18,3023996927,3046447777,,COMPRA Y VENTA DE CACHORROS DE TODAS LAS RAZAS HERMOSOS CACHORROS QUE ALEGRARAN TU VIDA INF AL WHTASAPP  3023996927  3046447777,No link
chocolatespublicitarios,4,94,15-Jan-18,3146507433,,,Los Chocolates en relieve y con etiqueta impresa una forma original para dar a conocer logotipo y marca Wpp3146507433Envios a todo el país,No link
muvapets,132,266,31-Mar-18,,,,Productos para la comodidad de tu mascota,www.muvapets.com
mysticlinemakeup,32,59,8-Mar-18,3008679703,,,By Mariana Diosa   Contacto mysticlinemakeupgmailcom   57 300 867 9703 Envíos Nacionales ,No link
firstimebutik,"2,383","9,998",28-Jun-18,3312702099,,,CENTRO COMERCIAL METROPLAZA LOCAL 113 MEDELLIN  3127020991 3058784699 Gafas de las mejores marcas al mejor precio Envíos gratis a toda Colombia,www.facebook.com/Firstimebutik1
pilaricacompraventa,151,"1,356",19-Dec-17,3186560594,,3302199987,ROBLEDO PILARICA CERCA AL HOSPITAL PABLO TOBON URIBE LOS MEJORES PRECIOS DE MEDELLIN Whatsapp 3186560594 tel 4427926,www.facebook.com/Pilarica-compraventa-152633021999878
c3fashionsales,261,"1,684",11-Jun-18,,,,OnLine Sales OrdersImported products Prices subject to change Just ProductsMedellin  Colombia  All Country,www.facebook.com/c3fashion
lisertec_tecnologia,154,204,28-Jun-18,,,,Celulares Computadores Accesorios para Celular y Pc Parlantes con Bluetooth Carcasas para Celular  Vidrio Templado Diadema con Bluetooth,www.lisertec.com
casa.betta98,27,100,4-Dec-17,,,,No biography,No link
adriana_patino_ropa,"4,478","5,704",28-Jun-18,3234823517,3162389373,,Hacemos envíos a todo el país 3234823517 ventas online x mayor y al detalMedellinEnvigado 3162389373,No link
ventalenceriamedellin01,524,"1,204",23-May-18,,,,Ropa casualRopa Deportiva  Ropa Interior Lo que te gusta a un precio INCOMPARABLE ventas al por mayor y detalMEDELLIN ,No link
fzshoes.store,209,256,28-Jun-18,,,,Tienda virtual tennis todo tipo de marca importados a domicilios en medellín,No link
ventapropiedadraiz,149,723,24-Apr-18,3015760828,3687304,,Óscar Sandoval Varona  Propiedad Raíz  Inversiones Inmobiliarias   3015760828  574 3687304 ossanvarhotmailcom a class hrefexploretagsoscarsandovalpropraizoscarsandovalpropraiza,www.oscarsandovalvarona.com.co
pc_store_and_tobacco_shop,44,111,6-Feb-18,3004482219,,,Tienda Física amp virtual  Distribuidor de Tecnología E insumos para Fumar MedellinWpp 300 4482219 Envíos a nivel Nacional,No link
wantallsh,95,"1,376",3-Apr-18,,,,Tienda On line WantAllShop MedellinCol ENVÍOS A TODO EL PAIS Importamos los productos más novedosos para ti wantallshopinggmailcom,www.facebook.com/WantAllShop
dallolociones,63,114,6-Sep-17,,,,No biography,No link
zoomgadgetscolombia,42,138,14-Dec-17,,,, zoomgadgetscolombia               Medellín  Colombia                   Envíos a todo Colombia,No link
par10tienda,31,424,13-Mar-18,3217867737,,, Tienda virtual       par10tiendagmailcom Whatsapp 3217867737 wwwfacebookcompar10tienda           wwwpar10comco,api.whatsapp.com/send?phone=573217867737
anonimoclothes,13,18,10-Aug-17,,,,Ropa nueva y de segunda en el mejor estado Domicilios gratis en Medellín Próximamente accesorios ,No link
arcoiris_makeup,362,927,28-Jun-18,3148573055,,,venta de maquillaje    sabanetaAntioquia  envíos nacionales  compras 100 Segura preparando próximo curso  3148573055,No link
theconcept1,15,92,3-Jul-17,3147733904,,,Buzos versátiles que se ajustan a tu estilo perfectos para todos tus outfits Domicilios en Medellín envíos a todo   info 57 314 773 39 04,No link
accesorioshola,164,524,25-Nov-17,,,,TIENDA ONLINE Medellin Colombia Escríbenos por MENSAJE DIRECTO y encarga tu favorito ,No link
dimarlove_,539,"7,672",25-Jun-18,,,3175751330,Medellin amp Quibdó Entregas inmediatas en la UdeMccMolinosampUnicentro gratis Envíos nacionales Click para ir directamente al chat de WhatsApp,api.whatsapp.com/send?phone=573175751330
maxlove.detalles,883,"6,921",28-Jun-18,3193604316,,,RespiraViveSueñaCree Y CREAPersonalizamos tus regalosDesayunosDecoramos fiesta sorpresa  infoWhatsap 3193604316 Domicilio en Medellin,api.whatsapp.com/send?phone=573193604316
donglamour.moda,48,133,11-Oct-17,3510030083,,,DONGLAMOUR tienda de moda Medellin Calle 7  5235 Guayabal Envios a todo el pais 100 confiables 3008399254,No link
bodegafkstore,113,423,14-Mar-17,3014841664,,,Wpp 3014841664  Entregas gratis en todo Medellín Ventas al por mayor y detal,No link
innovamospropiedadraiz,215,"1,536",25-Jun-18,3176204481,,,Alquiler de propiedades Asesoría en compra y venta  Más que una asesoría Somos tu hogar   3176204481,No link
taquito.gambeta,41,"1,230",27-Jul-17,3206802262,3017061309,,Productos graficos futboleros de tus jugadores y equipos favoritos  WP 3206802262  3017061309,www.facebook.com/taquitoygambetafutbol
cagnasdelivery,63,"1,035",10-May-18,3155689254,3502833874,,Tienda Virtual  Sólo WhatsApp o inbox de Instagram Original  57 3155689254 573502833874  Envios a nivel Nacional  y seguro,No link
urbanshoes_,"3,353","87,200",28-Jun-18,3152857181,,,a classnotranslate hrefURBANSHOESURBANSHOESa Los mejores tenis al mejor precio Infowhatsapp3152857181 Servicio a domicilio en medellinEnvios a todo el paísseguro,No link
catloverco,42,143,31-Jan-16,,,,Salud belleza fitness cuidado de la piel cuidado corporal cuidado del cabello Envíos locales y a toda Colombia Ventas al por mayor y al detal,www.facebook.com/catloverco
expertautos,5,22,9-Nov-15,,,,Compra y venta de carros Porque sabemos lo importante que son tus sueños,www.expertautos.com
yesbrazilmoda,532,"7,692",27-Jun-18,,,, Envíos nacionales e internacionales  ventas al por mayor y al detal  yesbrazilmedellingmailcom   Pedidos al whatsapp,goo.gl/Dxf3gK
